                  光伏ETF指数基金 (159618),,,,,
,,,,,
      时间,    开盘,    最高,    最低,    收盘,         成交量
,,,,,
 2022/04/22,0.95,0.962,0.941,0.943,99655656
 2022/04/25,0.93,0.934,0.856,0.87,36788724
 2022/04/26,0.871,0.901,0.87,0.872,21780096
 2022/04/27,0.859,0.949,0.859,0.945,31728582
 2022/04/28,0.943,0.968,0.923,0.952,25938238
 2022/04/29,0.941,0.99,0.941,0.985,34598728
 2022/05/05,0.984,1.008,0.971,0.992,36713192
 2022/05/06,0.979,0.989,0.969,0.972,15025055
 2022/05/09,0.971,1,0.971,0.989,14393508
 2022/05/10,0.985,1.032,0.985,1.01,70156480
 2022/05/11,1.013,1.062,1.013,1.044,68735576
 2022/05/12,1.041,1.043,1.024,1.03,29046944
 2022/05/13,1.028,1.046,1.028,1.04,18698278
 2022/05/16,1.039,1.059,1.024,1.024,13747201
 2022/05/17,1.022,1.065,1.022,1.061,14992457
 2022/05/18,1.061,1.085,1.057,1.078,20847848
 2022/05/19,1.065,1.141,1.061,1.132,24532664
 2022/05/20,1.144,1.146,1.121,1.145,20496954
 2022/05/23,1.143,1.143,1.12,1.139,15765434
 2022/05/24,1.138,1.148,1.1,1.105,28795528
 2022/05/25,1.1,1.117,1.094,1.115,23258942
 2022/05/26,1.116,1.129,1.094,1.11,17399568
 2022/05/27,1.11,1.128,1.097,1.104,11434830
 2022/05/30,1.11,1.111,1.095,1.11,11062313
 2022/05/31,1.128,1.145,1.111,1.141,12378586
 2022/06/01,1.142,1.142,1.125,1.131,12625022
 2022/06/02,1.132,1.16,1.128,1.16,9869248
 2022/06/06,1.162,1.23,1.162,1.213,12776572
 2022/06/07,1.213,1.274,1.213,1.219,5938420
 2022/06/08,1.219,1.224,1.191,1.216,7236269
 2022/06/09,1.216,1.229,1.2,1.207,15456528
 2022/06/10,1.207,1.241,1.19,1.238,7485732
 2022/06/13,1.238,1.273,1.227,1.245,8948480
 2022/06/14,1.245,1.245,1.181,1.227,6858250
 2022/06/15,1.228,1.244,1.198,1.219,9387365
 2022/06/16,1.212,1.253,1.212,1.239,13858555
 2022/06/17,1.236,1.269,1.23,1.267,10694910
 2022/06/20,1.267,1.298,1.261,1.281,6578919
 2022/06/21,1.281,1.299,1.251,1.266,15974713
 2022/06/22,1.265,1.309,1.255,1.283,15938699
 2022/06/23,1.285,1.306,1.265,1.305,13378213
 2022/06/24,1.305,1.345,1.305,1.343,16275547
 2022/06/27,1.394,1.394,1.331,1.345,6909427
 2022/06/28,1.345,1.375,1.322,1.372,17759332
 2022/06/29,1.371,1.371,1.305,1.309,16405516
 2022/06/30,1.309,1.37,1.306,1.359,15238317
 2022/07/01,1.357,1.375,1.333,1.359,11399330
 2022/07/04,1.351,1.369,1.314,1.363,17759296
 2022/07/05,1.351,1.384,1.351,1.382,12642434
 2022/07/06,1.383,1.394,1.36,1.375,16362239
 2022/07/07,1.373,1.419,1.351,1.414,16070532
 2022/07/08,1.423,1.44,1.377,1.388,14470504
 2022/07/11,1.391,1.391,1.332,1.352,17401710
 2022/07/12,1.352,1.38,1.338,1.345,14786827
 2022/07/13,1.343,1.383,1.322,1.372,17764408
 2022/07/14,1.371,1.433,1.366,1.42,17192902
 2022/07/15,1.421,1.432,1.408,1.411,14613908
 2022/07/18,1.412,1.413,1.375,1.405,17272314
 2022/07/19,1.405,1.405,1.368,1.385,16658400
 2022/07/20,1.385,1.405,1.367,1.386,12744900
 2022/07/21,1.386,1.4,1.369,1.378,16270834
 2022/07/22,1.365,1.404,1.365,1.386,18746618
 2022/07/25,1.384,1.384,1.341,1.346,20348838
 2022/07/26,1.344,1.38,1.331,1.365,19238604
 2022/07/27,1.365,1.411,1.361,1.41,23425304
 2022/07/28,1.416,1.435,1.4,1.413,18701306
 2022/07/29,1.413,1.436,1.404,1.411,18351004
 2022/08/01,1.411,1.417,1.376,1.412,19606202
 2022/08/02,1.399,1.41,1.371,1.387,18777808
 2022/08/03,1.399,1.419,1.336,1.351,21874708
 2022/08/04,1.351,1.37,1.321,1.34,21781932
 2022/08/05,1.345,1.351,1.322,1.34,17920100
 2022/08/08,1.34,1.358,1.312,1.358,20074712
 2022/08/09,1.358,1.418,1.354,1.4,25873208
 2022/08/10,1.4,1.416,1.38,1.403,16424906
 2022/08/11,1.406,1.409,1.382,1.409,15000927
 2022/08/12,1.408,1.409,1.383,1.386,13852003
 2022/08/15,1.386,1.448,1.386,1.442,20849608
 2022/08/16,1.442,1.478,1.436,1.461,21896926
 2022/08/17,1.463,1.496,1.459,1.466,21776204
 2022/08/18,1.465,1.499,1.452,1.496,18304004
 2022/08/19,1.496,1.496,1.441,1.462,21052600
 2022/08/22,1.459,1.459,1.424,1.449,20984602
 2022/08/23,1.457,1.485,1.438,1.467,17295278
 2022/08/24,1.467,1.472,1.421,1.425,19027900
 2022/08/25,1.428,1.442,1.376,1.397,22328700
 2022/08/26,1.393,1.413,1.372,1.377,19786702
 2022/08/29,1.377,1.403,1.344,1.399,17800700
 2022/08/30,1.4,1.406,1.372,1.375,18967224
 2022/08/31,1.375,1.375,1.29,1.3,24646702
 2022/09/01,1.297,1.302,1.28,1.288,18714400
 2022/09/02,1.286,1.292,1.253,1.273,21473932
 2022/09/05,1.273,1.307,1.266,1.293,19252400
 2022/09/06,1.293,1.354,1.28,1.353,17723900
 2022/09/07,1.353,1.393,1.329,1.369,18514600
 2022/09/08,1.369,1.385,1.362,1.365,12020001
 2022/09/09,1.362,1.363,1.328,1.345,17439600
 2022/09/13,1.347,1.351,1.317,1.336,16197302
 2022/09/14,1.32,1.342,1.307,1.315,14983804
 2022/09/15,1.32,1.335,1.219,1.23,26290112
 2022/09/16,1.226,1.25,1.216,1.218,22259804
 2022/09/19,1.206,1.23,1.195,1.204,29362036
 2022/09/20,1.208,1.26,1.208,1.241,17660914
 2022/09/21,1.241,1.249,1.217,1.226,21700800
 2022/09/22,1.226,1.249,1.201,1.23,20099600
 2022/09/23,1.227,1.253,1.207,1.235,21884428
 2022/09/26,1.235,1.258,1.209,1.237,25379204
 2022/09/27,1.233,1.255,1.227,1.243,19632800
 2022/09/28,1.245,1.258,1.199,1.202,19634900
 2022/09/29,1.203,1.226,1.19,1.225,19773600
 2022/09/30,1.21,1.223,1.183,1.188,19628700
 2022/10/10,1.188,1.203,1.157,1.166,18621212
 2022/10/11,1.169,1.185,1.165,1.175,23180800
 2022/10/12,1.18,1.22,1.142,1.218,20348676
 2022/10/13,1.219,1.245,1.202,1.215,19494402
 2022/10/14,1.223,1.285,1.213,1.272,21084500
 2022/10/17,1.265,1.265,1.225,1.257,21671644
 2022/10/18,1.257,1.275,1.245,1.258,14622800
 2022/10/19,1.258,1.27,1.237,1.238,16390400
 2022/10/20,1.236,1.236,1.192,1.209,18806700
 2022/10/21,1.228,1.228,1.199,1.21,18482300
 2022/10/24,1.211,1.217,1.179,1.188,19812400
 2022/10/25,1.188,1.236,1.182,1.225,24082500
 2022/10/26,1.225,1.255,1.215,1.25,21866800
 2022/10/27,1.255,1.299,1.247,1.25,19414100
 2022/10/28,1.247,1.247,1.189,1.203,19916200
 2022/10/31,1.204,1.213,1.179,1.182,24360800
 2022/11/01,1.182,1.232,1.182,1.23,21323000
 2022/11/02,1.23,1.256,1.219,1.249,20219300
 2022/11/03,1.241,1.28,1.239,1.262,22352500
 2022/11/04,1.264,1.316,1.264,1.315,17332102
 2022/11/07,1.308,1.324,1.299,1.307,17339800
 2022/11/08,1.302,1.306,1.275,1.289,14400100
 2022/11/09,1.288,1.288,1.262,1.269,16528401
 2022/11/10,1.26,1.3,1.226,1.239,19319000
 2022/11/11,1.267,1.299,1.235,1.24,17826704
 2022/11/14,1.241,1.241,1.193,1.199,26000500
 2022/11/15,1.199,1.224,1.199,1.223,23843700
 2022/11/16,1.224,1.235,1.202,1.204,20058900
 2022/11/17,1.196,1.198,1.173,1.185,17510700
 2022/11/18,1.192,1.209,1.17,1.192,20881800
 2022/11/21,1.19,1.202,1.179,1.194,14925700
 2022/11/22,1.194,1.194,1.161,1.17,22769100
 2022/11/23,1.156,1.207,1.156,1.202,21899412
 2022/11/24,1.204,1.214,1.197,1.198,14635400
 2022/11/25,1.193,1.193,1.167,1.168,11764200
 2022/11/28,1.161,1.163,1.141,1.16,13862400
 2022/11/29,1.16,1.17,1.142,1.16,14258700
 2022/11/30,1.16,1.174,1.154,1.161,9918700
 2022/12/01,1.165,1.186,1.165,1.175,8486888
 2022/12/02,1.175,1.202,1.171,1.194,13834000
 2022/12/05,1.194,1.194,1.15,1.157,18875000
 2022/12/06,1.157,1.161,1.135,1.151,12146201
 2022/12/07,1.143,1.16,1.139,1.145,10391505
 2022/12/08,1.144,1.177,1.143,1.158,19720100
 2022/12/09,1.158,1.158,1.142,1.148,11245424
 2022/12/12,1.14,1.14,1.121,1.131,10709928
 2022/12/13,1.128,1.132,1.1,1.104,12357100
 2022/12/14,1.101,1.106,1.088,1.093,6289600
 2022/12/15,1.091,1.111,1.086,1.109,11879805
 2022/12/16,1.096,1.102,1.077,1.079,12710605
 2022/12/19,1.069,1.094,1.069,1.083,8364700
 2022/12/20,1.082,1.082,1.064,1.076,8589406
 2022/12/21,1.074,1.076,1.045,1.05,14843313
 2022/12/22,1.054,1.054,1.019,1.021,10625605
 2022/12/23,1.01,1.021,0.994,1.003,13449106
 2022/12/26,1.001,1.068,1.001,1.067,16855400
 2022/12/27,1.067,1.094,1.067,1.09,10709500
 2022/12/28,1.092,1.107,1.07,1.095,11821800
 2022/12/29,1.089,1.108,1.086,1.096,11697400
 2022/12/30,1.096,1.112,1.09,1.105,9059404
 2023/01/03,1.104,1.123,1.084,1.118,9924700
 2023/01/04,1.107,1.118,1.084,1.095,10317100
 2023/01/05,1.084,1.116,1.084,1.109,10959347
 2023/01/06,1.109,1.178,1.109,1.163,17075802
 2023/01/09,1.167,1.184,1.152,1.168,18125700
 2023/01/10,1.167,1.188,1.129,1.173,10834850
 2023/01/11,1.172,1.177,1.155,1.155,9840207
 2023/01/12,1.158,1.175,1.157,1.159,8187505
 2023/01/13,1.161,1.166,1.147,1.158,7642715
 2023/01/16,1.156,1.186,1.149,1.17,9554900
 2023/01/17,1.17,1.181,1.166,1.174,8209007
 2023/01/18,1.174,1.184,1.168,1.177,9843500
 2023/01/19,1.177,1.18,1.163,1.171,8999300
 2023/01/20,1.171,1.197,1.171,1.196,8363004
 2023/01/30,1.198,1.22,1.198,1.204,10599701
 2023/01/31,1.202,1.222,1.2,1.216,5217401
 2023/02/01,1.226,1.227,1.19,1.211,6923800
 2023/02/02,1.21,1.213,1.197,1.199,8224469
 2023/02/03,1.196,1.196,1.164,1.185,6652202
 2023/02/06,1.176,1.179,1.165,1.172,7324900
 2023/02/07,1.172,1.181,1.162,1.169,8469300
 2023/02/08,1.169,1.177,1.162,1.164,7800706
 2023/02/09,1.153,1.187,1.152,1.179,4310300
 2023/02/10,1.177,1.178,1.159,1.163,7548900
 2023/02/13,1.162,1.172,1.158,1.162,2730504
 2023/02/14,1.162,1.17,1.154,1.165,7339300
 2023/02/15,1.163,1.177,1.154,1.157,5358600
 2023/02/16,1.155,1.166,1.132,1.146,13249900
 2023/02/17,1.139,1.14,1.112,1.117,10114004
 2023/02/20,1.109,1.135,1.103,1.135,8472300
 2023/02/21,1.132,1.159,1.13,1.153,14222900
 2023/02/22,1.15,1.161,1.13,1.142,9999500
 2023/02/23,1.139,1.173,1.139,1.166,11236700
 2023/02/24,1.165,1.179,1.146,1.152,8891401
 2023/02/27,1.143,1.174,1.138,1.152,8677000
 2023/02/28,1.153,1.157,1.14,1.154,8388000
 2023/03/01,1.152,1.153,1.138,1.146,9368200
 2023/03/02,1.145,1.146,1.121,1.121,9508200
 2023/03/03,1.123,1.13,1.118,1.119,10065600
 2023/03/06,1.118,1.165,1.114,1.158,15784842
 2023/03/07,1.158,1.163,1.146,1.149,10624500
 2023/03/08,1.149,1.164,1.129,1.143,9075600
 2023/03/09,1.152,1.158,1.127,1.133,12401007
 2023/03/10,1.126,1.129,1.11,1.123,8462600
 2023/03/13,1.123,1.128,1.112,1.114,10877800
 2023/03/14,1.106,1.122,1.071,1.093,17140100
 2023/03/15,1.094,1.117,1.092,1.093,12084800
 2023/03/16,1.086,1.086,1.04,1.041,17489102
 2023/03/17,1.051,1.051,1.033,1.04,9042800
 2023/03/20,1.03,1.059,1.019,1.047,16582846
 2023/03/21,1.047,1.054,1.034,1.051,16426908
 2023/03/22,1.06,1.067,1.045,1.049,12803800
 2023/03/23,1.045,1.053,1.041,1.051,14214804
 2023/03/24,1.051,1.06,1.031,1.05,14084600
 2023/03/27,1.052,1.075,1.043,1.074,9594400
 2023/03/28,1.073,1.073,1.054,1.058,14637100
 2023/03/29,1.06,1.073,1.052,1.058,9001700
 2023/03/30,1.06,1.07,1.046,1.069,13144400
 2023/03/31,1.077,1.087,1.068,1.071,10237300
 2023/04/03,1.071,1.091,1.067,1.085,12358700
 2023/04/04,1.085,1.085,1.049,1.06,14216113
 2023/04/06,1.053,1.068,1.049,1.065,12590600
 2023/04/07,1.065,1.073,1.061,1.062,11693100
 2023/04/10,1.062,1.08,1.062,1.08,12369400
 2023/04/11,1.078,1.082,1.067,1.081,13983017
 2023/04/12,1.088,1.088,1.052,1.059,12760906
 2023/04/13,1.066,1.066,1.047,1.049,13233400
 2023/04/14,1.048,1.058,1.04,1.053,17720100
 2023/04/17,1.053,1.068,1.053,1.057,11558300
 2023/04/18,1.057,1.076,1.056,1.071,13575406
 2023/04/19,1.069,1.069,1.054,1.059,13350800
 2023/04/20,1.059,1.059,1.031,1.036,13722803
 2023/04/21,1.038,1.05,1.026,1.026,13992900
 2023/04/24,1.026,1.026,0.992,1.002,18239000
 2023/04/25,1.012,1.013,0.97,0.973,17952448
 2023/04/26,0.971,1.051,0.97,1.039,27333200
 2023/04/27,1.04,1.04,1.013,1.024,11474000
 2023/04/28,1.02,1.033,1.01,1.025,13773700
 2023/05/04,1.012,1.035,1.006,1.015,15787400
 2023/05/05,1.011,1.011,0.982,0.994,10698700
 2023/05/08,0.993,1.005,0.983,0.998,16724100
 2023/05/09,1,1,0.98,0.982,13278700
 2023/05/10,0.976,0.995,0.966,0.989,18663200
 2023/05/11,0.986,1.004,0.981,0.987,8746700
 2023/05/12,0.983,0.989,0.968,0.969,5813300
 2023/05/15,0.968,1.002,0.968,1.001,10603400
 2023/05/16,1.001,1.019,0.998,1.002,9377400
 2023/05/17,1.004,1.014,0.998,1.007,4526906
 2023/05/18,1.002,1.015,0.985,0.994,6504600
 2023/05/19,0.997,0.997,0.983,0.987,5632600
 2023/05/22,0.987,0.999,0.983,0.993,5494800
 2023/05/23,1,1.008,0.987,0.991,4776100
 2023/05/24,0.991,1.022,0.986,1.012,14638500
 2023/05/25,1.007,1.038,1.005,1.032,10938900
 2023/05/26,1.031,1.031,0.993,1.003,8896800
 2023/05/29,0.995,1,0.965,0.974,23420500
 2023/05/30,0.973,0.976,0.949,0.959,14316209
 2023/05/31,0.957,0.961,0.942,0.946,18858600
 2023/06/01,0.944,0.954,0.934,0.937,14077400
 2023/06/02,0.937,0.949,0.933,0.946,7363400
 2023/06/05,0.946,0.946,0.923,0.925,10029200
 2023/06/06,0.929,0.929,0.907,0.917,8912400
 2023/06/07,0.917,0.917,0.9,0.904,11331100
 2023/06/08,0.9,0.918,0.9,0.905,6132000
 2023/06/09,0.906,0.916,0.897,0.916,11215400
 2023/06/12,0.903,0.929,0.903,0.924,10293301
 2023/06/13,0.921,0.928,0.916,0.922,4406100
 2023/06/14,0.921,0.925,0.91,0.91,6217000
 2023/06/15,0.91,0.96,0.907,0.959,25226900
 2023/06/16,0.96,0.978,0.954,0.975,11562702
 2023/06/19,0.971,0.978,0.964,0.973,7525800
 2023/06/20,0.971,0.982,0.966,0.975,10481800
 2023/06/21,0.973,0.987,0.961,0.961,9131400
 2023/06/26,0.954,0.987,0.948,0.969,14244501
 2023/06/27,0.969,0.997,0.967,0.978,9367000
 2023/06/28,0.967,0.991,0.967,0.986,8088500
 2023/06/29,0.986,1.007,0.982,0.991,28683300
 2023/06/30,0.99,1.002,0.97,0.997,22141800
 2023/07/03,0.997,1.013,0.995,0.996,9637400
 2023/07/04,0.997,1.003,0.983,0.987,10137300
 2023/07/05,0.987,0.989,0.971,0.973,3516900
 2023/07/06,0.972,0.978,0.965,0.97,5884304
 2023/07/07,0.969,0.969,0.952,0.953,5483800
 2023/07/10,0.952,0.993,0.952,0.983,13137500
 2023/07/11,0.986,0.986,0.968,0.976,6037600
 2023/07/12,0.983,0.995,0.962,0.983,9360300
 2023/07/13,0.983,1.003,0.982,0.991,5854600
 2023/07/14,0.992,0.992,0.972,0.974,5879500
 2023/07/17,0.977,0.984,0.964,0.969,9558300
 2023/07/18,0.97,0.97,0.956,0.961,14367500
 2023/07/19,0.961,0.961,0.944,0.949,11072400
 2023/07/20,0.949,0.955,0.941,0.942,10716250
 2023/07/21,0.942,0.942,0.929,0.932,8835300
 2023/07/24,0.932,0.934,0.921,0.923,4686700
 2023/07/25,0.93,0.941,0.93,0.938,4203800
 2023/07/26,0.938,0.949,0.933,0.94,4139000
 2023/07/27,0.936,0.945,0.927,0.929,5746000
 2023/07/28,0.926,0.94,0.918,0.938,5595400
 2023/07/31,0.94,0.953,0.939,0.944,6160306
 2023/08/01,0.945,0.945,0.925,0.93,7942000
 2023/08/02,0.931,0.933,0.923,0.926,3185301
 2023/08/03,0.926,0.946,0.926,0.939,10971800
 2023/08/04,0.944,0.95,0.936,0.946,6068001
 2023/08/07,0.946,0.955,0.92,0.936,11601800
 2023/08/08,0.946,0.946,0.918,0.928,4237900
 2023/08/09,0.928,0.93,0.922,0.925,2791200
 2023/08/10,0.925,0.94,0.925,0.936,5385300
 2023/08/11,0.936,0.936,0.915,0.916,5728200
 2023/08/14,0.908,0.909,0.896,0.909,12808100
 2023/08/15,0.9,0.906,0.878,0.884,10964100
 2023/08/16,0.885,0.889,0.87,0.871,8403100
 2023/08/17,0.871,0.873,0.859,0.871,7020200
 2023/08/18,0.873,0.883,0.866,0.867,8598400
 2023/08/21,0.891,0.891,0.842,0.844,7981200
 2023/08/22,0.842,0.848,0.816,0.833,9104500
 2023/08/23,0.826,0.831,0.808,0.809,4809700
 2023/08/24,0.809,0.835,0.809,0.827,7094310
 2023/08/25,0.821,0.833,0.817,0.822,5381500
 2023/08/28,0.853,0.87,0.828,0.833,8054900
 2023/08/29,0.831,0.852,0.83,0.85,5501904
 2023/08/30,0.85,0.864,0.848,0.853,4938800
 2023/08/31,0.848,0.849,0.84,0.841,3419500
 2023/09/01,0.841,0.846,0.838,0.84,1744100
 2023/09/04,0.845,0.849,0.834,0.845,3695500
 2023/09/05,0.842,0.86,0.837,0.856,5748300
 2023/09/06,0.854,0.854,0.839,0.843,4214200
 2023/09/07,0.842,0.842,0.82,0.82,3787900
 2023/09/08,0.817,0.821,0.807,0.808,3970300
 2023/09/11,0.81,0.821,0.804,0.817,6975200
 2023/09/12,0.813,0.823,0.81,0.818,4721400
 2023/09/13,0.816,0.817,0.803,0.807,3378500
 2023/09/14,0.808,0.808,0.796,0.799,2884000
 2023/09/15,0.799,0.804,0.792,0.796,2256900
 2023/09/18,0.796,0.806,0.787,0.798,2400015
 2023/09/19,0.799,0.799,0.784,0.787,5456000
 2023/09/20,0.783,0.787,0.777,0.778,4744100
 2023/09/21,0.776,0.778,0.769,0.769,2725800
 2023/09/22,0.766,0.783,0.766,0.782,4980809
 2023/09/25,0.776,0.787,0.773,0.784,3390100
 2023/09/26,0.787,0.788,0.78,0.782,6270500
 2023/09/27,0.781,0.815,0.781,0.807,10244000
 2023/09/28,0.809,0.812,0.805,0.81,2445301
 2023/10/09,0.809,0.809,0.797,0.805,3235502
 2023/10/10,0.805,0.807,0.793,0.794,1974400
 2023/10/11,0.796,0.809,0.792,0.796,1423800
 2023/10/12,0.796,0.809,0.794,0.807,3578500
 2023/10/13,0.807,0.807,0.786,0.794,2930800
 2023/10/16,0.777,0.791,0.772,0.775,4522700
 2023/10/17,0.775,0.781,0.77,0.777,3944901
 2023/10/18,0.77,0.771,0.762,0.762,4919700
 2023/10/19,0.761,0.764,0.751,0.756,5507800
 2023/10/20,0.755,0.767,0.749,0.759,6401700
 2023/10/23,0.757,0.757,0.73,0.733,4026500
 2023/10/24,0.733,0.739,0.727,0.736,2790800
 2023/10/25,0.738,0.749,0.732,0.734,2030600
 2023/10/26,0.731,0.731,0.707,0.719,4267500
 2023/10/27,0.711,0.747,0.711,0.743,4946400
 2023/10/30,0.737,0.753,0.737,0.75,4634100
 2023/10/31,0.746,0.75,0.732,0.737,2295000
 2023/11/01,0.738,0.739,0.724,0.726,2676000
 2023/11/02,0.728,0.729,0.71,0.711,3474500
 2023/11/03,0.716,0.727,0.711,0.725,4084400
 2023/11/06,0.726,0.75,0.725,0.746,10035900
 2023/11/07,0.748,0.752,0.739,0.75,2246000
 2023/11/08,0.748,0.755,0.744,0.749,4907600
 2023/11/09,0.749,0.773,0.749,0.767,8818100
 2023/11/10,0.767,0.767,0.75,0.754,5768400
 2023/11/13,0.761,0.762,0.752,0.758,2144400
 2023/11/14,0.76,0.767,0.754,0.76,8221600
 2023/11/15,0.771,0.778,0.764,0.769,5114100
 2023/11/16,0.764,0.765,0.749,0.751,9734400
 2023/11/17,0.751,0.752,0.743,0.749,4896500
 2023/11/20,0.75,0.751,0.739,0.75,6971500
 2023/11/21,0.749,0.754,0.742,0.743,3255400
 2023/11/22,0.743,0.743,0.729,0.73,7168400
 2023/11/23,0.729,0.732,0.725,0.732,1321200
 2023/11/24,0.729,0.729,0.72,0.72,3754500
 2023/11/27,0.715,0.716,0.705,0.709,5517800
 2023/11/28,0.708,0.712,0.704,0.71,7450900
 2023/11/29,0.71,0.71,0.7,0.701,3163600
 2023/11/30,0.701,0.704,0.692,0.696,1920000
 2023/12/01,0.695,0.695,0.685,0.691,7642100
 2023/12/04,0.69,0.692,0.683,0.684,3533000
 2023/12/05,0.682,0.686,0.671,0.683,3067600
 2023/12/06,0.672,0.683,0.669,0.678,3289000
 2023/12/07,0.678,0.678,0.664,0.67,4376702
 2023/12/08,0.672,0.675,0.667,0.669,2432200
 2023/12/11,0.666,0.671,0.654,0.67,6626100
 2023/12/12,0.668,0.67,0.661,0.664,2896800
 2023/12/13,0.664,0.664,0.646,0.647,5128100
 2023/12/14,0.649,0.658,0.644,0.645,2576300
 2023/12/15,0.646,0.662,0.646,0.649,3890200
 2023/12/18,0.649,0.649,0.63,0.634,4666026
 2023/12/19,0.634,0.648,0.633,0.641,12136700
 2023/12/20,0.643,0.643,0.636,0.636,9455800
 2023/12/21,0.636,0.663,0.635,0.657,6582500
 2023/12/22,0.658,0.674,0.648,0.667,11404100
 2023/12/25,0.665,0.672,0.663,0.669,2638800
 2023/12/26,0.666,0.671,0.662,0.666,5977300
 2023/12/27,0.665,0.667,0.656,0.664,2622600
 2023/12/28,0.662,0.719,0.662,0.719,18560412
 2023/12/29,0.718,0.718,0.705,0.71,7320300
 2024/01/02,0.71,0.71,0.699,0.7,3689700
 2024/01/03,0.698,0.705,0.694,0.701,6457900
 2024/01/04,0.701,0.701,0.683,0.688,3746500
 2024/01/05,0.685,0.697,0.67,0.674,8764200
 2024/01/08,0.675,0.684,0.671,0.672,3016000
 2024/01/09,0.672,0.7,0.663,0.687,5938100
 2024/01/10,0.685,0.707,0.677,0.694,5781801
 2024/01/11,0.693,0.705,0.693,0.704,4536200
 2024/01/12,0.706,0.722,0.697,0.707,6370100
 2024/01/15,0.705,0.708,0.696,0.698,2896900
 2024/01/16,0.694,0.713,0.691,0.708,6429600
 2024/01/17,0.71,0.71,0.688,0.689,5295100
 2024/01/18,0.687,0.715,0.682,0.712,11517200
 2024/01/19,0.713,0.719,0.699,0.699,7981300
 2024/01/22,0.709,0.709,0.675,0.675,10786400
 2024/01/23,0.673,0.704,0.673,0.694,7808600
 2024/01/24,0.7,0.705,0.664,0.685,7604500
 2024/01/25,0.679,0.691,0.666,0.691,8580500
 2024/01/26,0.691,0.693,0.678,0.678,5493200
 2024/01/29,0.678,0.678,0.611,0.638,11886000
 2024/01/30,0.641,0.641,0.62,0.621,4745300
 2024/01/31,0.634,0.634,0.606,0.606,5310000
 2024/02/01,0.606,0.628,0.605,0.617,15150600
 2024/02/02,0.618,0.618,0.576,0.593,7489100
 2024/02/05,0.58,0.592,0.552,0.586,8333400
 2024/02/06,0.584,0.614,0.57,0.612,7177800
 2024/02/07,0.617,0.634,0.614,0.626,6383700
 2024/02/08,0.629,0.645,0.627,0.64,6263500
 2024/02/19,0.645,0.648,0.634,0.639,5984100
 2024/02/20,0.638,0.638,0.626,0.637,16804000
 2024/02/21,0.636,0.655,0.628,0.643,7161300
 2024/02/22,0.643,0.658,0.641,0.649,5353100
 2024/02/23,0.65,0.665,0.65,0.655,9323900
 2024/02/26,0.658,0.662,0.649,0.652,6206500
 2024/02/27,0.652,0.664,0.649,0.664,5446100
 2024/02/28,0.673,0.691,0.652,0.652,13343000
 2024/02/29,0.651,0.675,0.65,0.674,6577200
 2024/03/01,0.687,0.687,0.67,0.685,6211300
 2024/03/04,0.682,0.694,0.682,0.688,5764902
 2024/03/05,0.681,0.684,0.675,0.68,5384700
 2024/03/06,0.68,0.712,0.676,0.699,14680600
 2024/03/07,0.699,0.699,0.68,0.68,5481900
 2024/03/08,0.68,0.705,0.68,0.705,10838100
 2024/03/11,0.71,0.734,0.71,0.73,12115000
 2024/03/12,0.74,0.74,0.726,0.728,6088305
 2024/03/13,0.721,0.727,0.719,0.721,3424400
 2024/03/14,0.717,0.723,0.707,0.711,8563600
 2024/03/15,0.707,0.711,0.697,0.708,7647700
 2024/03/18,0.725,0.736,0.707,0.718,12367600
 2024/03/19,0.719,0.725,0.709,0.709,2845800
 2024/03/20,0.707,0.719,0.705,0.709,7116300
 2024/03/21,0.709,0.711,0.697,0.699,3811402
 2024/03/22,0.699,0.699,0.68,0.68,3620300
 2024/03/25,0.681,0.69,0.674,0.675,3575600
 2024/03/26,0.675,0.686,0.67,0.682,6667400
 2024/03/27,0.679,0.68,0.662,0.662,2832900
 2024/03/28,0.662,0.675,0.662,0.666,4105700
 2024/03/29,0.666,0.672,0.662,0.669,2134800
 2024/04/01,0.669,0.695,0.669,0.693,10187100
 2024/04/02,0.691,0.692,0.685,0.689,3863800
 2024/04/03,0.688,0.688,0.68,0.685,3720700
 2024/04/08,0.684,0.684,0.666,0.667,2301500
 2024/04/09,0.667,0.672,0.664,0.671,2297700
 2024/04/10,0.671,0.671,0.655,0.659,8339800
 2024/04/11,0.661,0.669,0.651,0.657,3247100
 2024/04/12,0.657,0.658,0.64,0.642,4542800
 2024/04/15,0.66,0.661,0.632,0.648,5831500
 2024/04/16,0.645,0.645,0.631,0.631,2068800
 2024/04/17,0.643,0.647,0.632,0.647,4838600
 2024/04/18,0.647,0.65,0.638,0.643,1824100
 2024/04/19,0.637,0.638,0.622,0.625,9297200
 2024/04/22,0.625,0.638,0.624,0.629,6217302
 2024/04/23,0.606,0.637,0.606,0.621,2679900
 2024/04/24,0.62,0.62,0.61,0.615,3298600
 2024/04/25,0.615,0.62,0.606,0.613,2314900
 2024/04/26,0.612,0.628,0.611,0.628,3521600
 2024/04/29,0.627,0.654,0.627,0.649,5961700
 2024/04/30,0.646,0.646,0.633,0.633,3990600
 2024/05/06,0.635,0.648,0.635,0.645,11205700
 2024/05/07,0.645,0.646,0.637,0.644,5264500
 2024/05/08,0.644,0.644,0.634,0.635,3614900
 2024/05/09,0.64,0.658,0.64,0.652,5019400
 2024/05/10,0.652,0.652,0.639,0.647,2773000
 2024/05/13,0.64,0.653,0.637,0.647,4642900
 2024/05/14,0.647,0.648,0.637,0.64,10319600
 2024/05/15,0.64,0.649,0.633,0.635,3210600
 2024/05/16,0.635,0.64,0.63,0.633,3894500
 2024/05/17,0.63,0.631,0.621,0.631,6294501
 2024/05/20,0.63,0.637,0.629,0.631,2619104
 2024/05/21,0.628,0.63,0.623,0.625,4404300
 2024/05/22,0.629,0.667,0.629,0.663,15535200
 2024/05/23,0.663,0.664,0.643,0.646,8537500
 2024/05/24,0.649,0.655,0.639,0.641,3943300
 2024/05/27,0.642,0.642,0.626,0.636,8805700
 2024/05/28,0.649,0.649,0.625,0.632,3658000
 2024/05/29,0.632,0.659,0.632,0.647,8390300
 2024/05/30,0.651,0.654,0.642,0.645,5555400
 2024/05/31,0.644,0.646,0.635,0.636,5723400
 2024/06/03,0.635,0.635,0.625,0.631,4041600
 2024/06/04,0.629,0.642,0.625,0.641,8860800
 2024/06/05,0.641,0.641,0.632,0.632,3677300
 2024/06/06,0.631,0.636,0.615,0.617,10503900
 2024/06/07,0.619,0.621,0.602,0.609,5278300
 2024/06/11,0.605,0.612,0.6,0.61,8866500
 2024/06/12,0.609,0.609,0.605,0.608,1746400
 2024/06/13,0.608,0.612,0.606,0.606,1614500
 2024/06/14,0.606,0.608,0.6,0.604,5426200
 2024/06/17,0.604,0.605,0.596,0.601,4255300
 2024/06/18,0.603,0.611,0.601,0.606,7435300
 2024/06/19,0.605,0.605,0.592,0.593,8524900
 2024/06/20,0.59,0.591,0.577,0.578,4533801
 2024/06/21,0.579,0.585,0.576,0.58,10441200
 2024/06/24,0.575,0.575,0.564,0.564,5656900
 2024/06/25,0.56,0.566,0.547,0.551,12759500
 2024/06/26,0.552,0.559,0.545,0.558,6134500
 2024/06/27,0.556,0.556,0.545,0.546,5104600
 2024/06/28,0.546,0.552,0.541,0.544,3686600
 2024/07/01,0.547,0.552,0.541,0.549,4345200
 2024/07/02,0.548,0.55,0.536,0.537,5362900
 2024/07/03,0.538,0.54,0.532,0.536,6014704
 2024/07/04,0.535,0.537,0.522,0.524,5181500
 2024/07/05,0.52,0.53,0.518,0.529,6853400
 2024/07/08,0.528,0.528,0.509,0.512,7434800
 2024/07/09,0.511,0.515,0.503,0.513,7288700
 2024/07/10,0.51,0.525,0.505,0.515,9147400
 2024/07/11,0.517,0.537,0.517,0.533,8026800
 2024/07/12,0.535,0.544,0.533,0.537,8317800
 2024/07/15,0.536,0.536,0.529,0.531,5257000
 2024/07/16,0.531,0.543,0.53,0.543,5064900
 2024/07/17,0.55,0.551,0.541,0.542,3179400
 2024/07/18,0.526,0.548,0.526,0.545,4543100
 2024/07/19,0.546,0.553,0.541,0.553,6589700
 2024/07/22,0.555,0.559,0.548,0.553,3997700
 2024/07/23,0.551,0.551,0.539,0.539,6171800
 2024/07/24,0.537,0.539,0.527,0.528,5229000
 2024/07/25,0.526,0.55,0.526,0.542,4343300
 2024/07/26,0.542,0.545,0.539,0.543,4242000
 2024/07/29,0.545,0.545,0.533,0.533,4131900
 2024/07/30,0.533,0.536,0.528,0.532,5218400
 2024/07/31,0.532,0.551,0.526,0.551,2108600
 2024/08/01,0.55,0.552,0.543,0.544,1745700
 2024/08/02,0.541,0.547,0.536,0.537,2521500
 2024/08/05,0.531,0.549,0.53,0.53,3956100
 2024/08/06,0.538,0.552,0.537,0.55,7113600
 2024/08/07,0.546,0.551,0.544,0.548,7143600
 2024/08/08,0.543,0.55,0.543,0.546,6973400
 2024/08/09,0.548,0.549,0.538,0.539,5863700
 2024/08/12,0.547,0.548,0.534,0.536,3566300
 2024/08/13,0.533,0.539,0.528,0.537,4550605
 2024/08/14,0.537,0.543,0.531,0.531,4334300
 2024/08/15,0.528,0.545,0.527,0.539,6506605
 2024/08/16,0.537,0.537,0.531,0.532,6934900
 2024/08/19,0.532,0.532,0.525,0.526,5832900
 2024/08/20,0.525,0.525,0.517,0.52,10130100
 2024/08/21,0.521,0.521,0.513,0.514,4811100
 2024/08/22,0.514,0.514,0.504,0.505,13629603
 2024/08/23,0.505,0.508,0.502,0.504,8696900
 2024/08/26,0.504,0.516,0.504,0.51,8216600
 2024/08/27,0.507,0.511,0.5,0.505,14466800
 2024/08/28,0.504,0.507,0.5,0.507,13382500
 2024/08/29,0.507,0.529,0.501,0.525,21585200
 2024/08/30,0.524,0.538,0.518,0.53,10935300
 2024/09/02,0.531,0.534,0.52,0.52,23837700
 2024/09/03,0.521,0.529,0.517,0.526,25140400
 2024/09/04,0.526,0.534,0.524,0.527,14856400
 2024/09/05,0.529,0.537,0.529,0.53,13146401
 2024/09/06,0.528,0.528,0.519,0.52,10001500
 2024/09/09,0.519,0.521,0.513,0.515,4591500
 2024/09/10,0.515,0.517,0.508,0.514,8120600
 2024/09/11,0.513,0.525,0.513,0.522,15191300
 2024/09/12,0.522,0.538,0.522,0.523,9936100
 2024/09/13,0.524,0.524,0.513,0.513,4944600
 2024/09/18,0.513,0.513,0.505,0.509,3862204
 2024/09/19,0.51,0.523,0.508,0.516,4790500
 2024/09/20,0.511,0.513,0.504,0.509,6015900
 2024/09/23,0.506,0.509,0.501,0.502,7966200
 2024/09/24,0.504,0.522,0.5,0.521,19334800
 2024/09/25,0.525,0.54,0.525,0.527,8420900
 2024/09/26,0.532,0.547,0.521,0.546,7927900
 2024/09/27,0.551,0.598,0.548,0.598,11665004
 2024/09/30,0.628,0.658,0.605,0.658,23175800
 2024/10/08,0.724,0.724,0.676,0.724,24306400
 2024/10/09,0.73,0.73,0.652,0.652,19572102
 2024/10/10,0.652,0.665,0.635,0.646,7581702
 2024/10/11,0.634,0.64,0.608,0.615,6839200
 2024/10/14,0.618,0.631,0.61,0.628,3851200
 2024/10/15,0.626,0.628,0.612,0.613,4077500
 2024/10/16,0.61,0.61,0.593,0.598,5919800
 2024/10/17,0.598,0.603,0.588,0.589,5276600
 2024/10/18,0.589,0.628,0.582,0.613,17619900
 2024/10/21,0.623,0.651,0.623,0.633,14036400
 2024/10/22,0.625,0.66,0.619,0.658,17552400
 2024/10/23,0.66,0.706,0.645,0.684,28248700
 2024/10/24,0.678,0.679,0.656,0.661,14898500
 2024/10/25,0.66,0.721,0.66,0.72,37546804
 2024/10/28,0.72,0.72,0.69,0.707,23151904
 2024/10/29,0.722,0.736,0.689,0.69,14957810
 2024/10/30,0.678,0.7,0.676,0.695,10347602
 2024/10/31,0.709,0.73,0.705,0.716,16179000
 2024/11/01,0.715,0.718,0.689,0.698,11594700
 2024/11/04,0.692,0.709,0.692,0.699,6801100
 2024/11/05,0.7,0.718,0.695,0.716,15021900
 2024/11/06,0.717,0.733,0.705,0.709,16115800
 2024/11/07,0.686,0.704,0.679,0.702,13239000
 2024/11/08,0.703,0.718,0.703,0.706,9189600
 2024/11/11,0.707,0.728,0.703,0.724,7717100
 2024/11/12,0.724,0.739,0.711,0.713,11384900
 2024/11/13,0.712,0.72,0.706,0.72,5816100
 2024/11/14,0.73,0.73,0.699,0.703,8247600
 2024/11/15,0.697,0.701,0.675,0.677,4755000
 2024/11/18,0.672,0.68,0.658,0.661,5393000
 2024/11/19,0.663,0.68,0.658,0.68,6956300
 2024/11/20,0.68,0.683,0.669,0.677,5986100
 2024/11/21,0.684,0.691,0.673,0.677,5878700
 2024/11/22,0.675,0.675,0.647,0.647,7815000
 2024/11/25,0.647,0.653,0.641,0.651,6563200
 2024/11/26,0.651,0.665,0.647,0.649,6364800
 2024/11/27,0.648,0.663,0.642,0.662,5818500
 2024/11/28,0.662,0.669,0.657,0.66,6049300
 2024/11/29,0.66,0.673,0.656,0.668,4611000
 2024/12/02,0.663,0.67,0.65,0.669,8609200
 2024/12/03,0.672,0.676,0.664,0.67,6305900
 2024/12/04,0.67,0.67,0.651,0.655,7140400
 2024/12/05,0.653,0.655,0.65,0.653,7026400
 2024/12/06,0.653,0.658,0.639,0.657,5977011
 2024/12/09,0.657,0.657,0.645,0.647,6063000
 2024/12/10,0.672,0.674,0.647,0.649,7997418
 2024/12/11,0.649,0.655,0.647,0.652,4942400
 2024/12/12,0.651,0.656,0.648,0.655,3819300
 2024/12/13,0.65,0.652,0.637,0.637,7798200
 2024/12/16,0.636,0.639,0.624,0.626,6906100
 2024/12/17,0.627,0.63,0.621,0.623,5511900
 2024/12/18,0.623,0.625,0.62,0.622,4746010
 2024/12/19,0.616,0.622,0.612,0.62,5665200
 2024/12/20,0.621,0.623,0.616,0.618,4983800
 2024/12/23,0.617,0.628,0.616,0.616,5228100
 2024/12/24,0.616,0.63,0.616,0.629,5516101
 2024/12/25,0.63,0.634,0.619,0.623,6639200
 2024/12/26,0.626,0.626,0.619,0.621,5406400
 2024/12/27,0.618,0.625,0.617,0.618,7886000
 2024/12/30,0.615,0.62,0.613,0.62,5262600
 2024/12/31,0.61,0.623,0.603,0.604,6241102
 2025/01/02,0.605,0.605,0.583,0.588,4010900
 2025/01/03,0.585,0.592,0.573,0.574,4843100
 2025/01/06,0.573,0.582,0.571,0.576,5266100
 2025/01/07,0.576,0.58,0.565,0.578,6547300
 2025/01/08,0.578,0.582,0.566,0.578,5749000
 2025/01/09,0.575,0.585,0.574,0.575,6181800
 2025/01/10,0.575,0.575,0.555,0.555,6033900
 2025/01/13,0.551,0.561,0.545,0.558,4401600
 2025/01/14,0.56,0.577,0.557,0.577,6162200
 2025/01/15,0.568,0.589,0.568,0.579,6444800
 2025/01/16,0.579,0.592,0.579,0.587,7332501
 2025/01/17,0.584,0.589,0.579,0.586,6080400
 2025/01/20,0.588,0.593,0.586,0.588,4918800
 2025/01/21,0.591,0.591,0.576,0.579,4695015
 2025/01/22,0.577,0.577,0.569,0.571,5097400
 2025/01/23,0.575,0.58,0.569,0.569,4829700
 2025/01/24,0.567,0.58,0.567,0.578,6779100
 2025/01/27,0.579,0.581,0.569,0.569,6035500
 2025/02/05,0.571,0.574,0.564,0.57,4831100
 2025/02/06,0.567,0.58,0.563,0.579,6547800
 2025/02/07,0.58,0.61,0.579,0.603,15299500
 2025/02/10,0.605,0.62,0.589,0.597,9572700
 2025/02/11,0.593,0.593,0.582,0.586,9844600
 2025/02/12,0.585,0.59,0.581,0.588,5363600
 2025/02/13,0.588,0.589,0.583,0.584,4597224
 2025/02/14,0.584,0.59,0.583,0.586,5516600
 2025/02/17,0.586,0.591,0.584,0.59,4922900
 2025/02/18,0.593,0.597,0.579,0.581,8839700
 2025/02/19,0.583,0.589,0.576,0.589,8641801
 2025/02/20,0.589,0.589,0.58,0.583,7127700
 2025/02/21,0.583,0.587,0.578,0.586,8177900
 2025/02/24,0.586,0.593,0.582,0.591,7332100
 2025/02/25,0.588,0.597,0.584,0.593,10587900
 2025/02/26,0.592,0.614,0.592,0.613,20125152
 2025/02/27,0.613,0.613,0.596,0.607,12367900
 2025/02/28,0.603,0.609,0.593,0.597,9968800
 2025/03/03,0.595,0.605,0.591,0.597,7137000
 2025/03/04,0.591,0.596,0.587,0.596,6409200
 2025/03/05,0.594,0.594,0.582,0.585,7428200
 2025/03/06,0.587,0.597,0.585,0.595,6169101
 2025/03/07,0.593,0.598,0.585,0.59,4024400
 2025/03/10,0.59,0.598,0.589,0.595,5430900
 2025/03/11,0.587,0.596,0.585,0.596,5137800
 2025/03/12,0.596,0.6,0.594,0.596,3788300
 2025/03/13,0.596,0.597,0.587,0.59,3276500
 2025/03/14,0.59,0.603,0.589,0.6,5322900
 2025/03/17,0.603,0.61,0.603,0.605,7059400
 2025/03/18,0.606,0.608,0.603,0.607,3172500
 2025/03/19,0.608,0.609,0.6,0.604,2394510
 2025/03/20,0.602,0.604,0.597,0.599,2856400
 2025/03/21,0.596,0.602,0.589,0.59,5329100
 2025/03/24,0.593,0.594,0.58,0.591,4207700
 2025/03/25,0.589,0.598,0.589,0.593,1878900
 2025/03/26,0.593,0.607,0.592,0.6,6110900
 2025/03/27,0.598,0.598,0.589,0.592,4971000
 2025/03/28,0.592,0.598,0.586,0.587,1876400
 2025/03/31,0.585,0.585,0.566,0.569,9144700
 2025/04/01,0.572,0.582,0.57,0.575,2886200
 2025/04/02,0.573,0.578,0.573,0.573,2650500
 2025/04/03,0.57,0.572,0.561,0.564,5550200
 2025/04/07,0.524,0.562,0.508,0.508,5490000
 2025/04/08,0.508,0.509,0.496,0.499,2820200
#数据来源:通达信,,,,,
