                  光伏ETF基金 (159863),,,,,
,,,,,
      时间,    开盘,    最高,    最低,    收盘,         成交量
,,,,,
 2021/03/11,0.609,0.637,0.607,0.634,27442236
 2021/03/12,0.638,0.648,0.631,0.647,14155680
 2021/03/15,0.65,0.65,0.612,0.621,10958750
 2021/03/16,0.621,0.629,0.614,0.626,5448854
 2021/03/17,0.625,0.629,0.613,0.627,9891875
 2021/03/18,0.627,0.638,0.627,0.638,7781602
 2021/03/19,0.633,0.633,0.617,0.621,5996398
 2021/03/22,0.622,0.639,0.622,0.637,8441484
 2021/03/23,0.637,0.638,0.62,0.627,4001351
 2021/03/24,0.627,0.628,0.611,0.613,8278252
 2021/03/25,0.613,0.616,0.601,0.611,6994669
 2021/03/26,0.619,0.637,0.619,0.633,15386738
 2021/03/29,0.627,0.632,0.623,0.626,3227410
 2021/03/30,0.626,0.649,0.623,0.647,18503752
 2021/03/31,0.643,0.647,0.637,0.642,5588283
 2021/04/01,0.642,0.658,0.642,0.648,7597733
 2021/04/02,0.648,0.651,0.64,0.647,8978936
 2021/04/06,0.649,0.667,0.649,0.66,12659199
 2021/04/07,0.659,0.659,0.643,0.651,4644755
 2021/04/08,0.64,0.65,0.64,0.645,2042826
 2021/04/09,0.645,0.645,0.632,0.635,5439337
 2021/04/12,0.634,0.635,0.615,0.617,4472943
 2021/04/13,0.62,0.621,0.613,0.614,3316331
 2021/04/14,0.614,0.623,0.614,0.622,4195769
 2021/04/15,0.613,0.629,0.613,0.627,6251428
 2021/04/16,0.623,0.628,0.615,0.625,5452819
 2021/04/19,0.625,0.647,0.623,0.645,11983215
 2021/04/20,0.646,0.663,0.644,0.653,16335219
 2021/04/21,0.652,0.659,0.647,0.651,6523282
 2021/04/22,0.654,0.66,0.644,0.654,2505356
 2021/04/23,0.654,0.665,0.654,0.661,14012025
 2021/04/26,0.661,0.674,0.655,0.655,39800920
 2021/04/27,0.654,0.663,0.65,0.657,6641444
 2021/04/28,0.657,0.667,0.657,0.666,8558433
 2021/04/29,0.667,0.672,0.66,0.665,3357109
 2021/04/30,0.669,0.683,0.665,0.679,64540612
 2021/05/06,0.678,0.689,0.671,0.679,24331564
 2021/05/07,0.679,0.684,0.659,0.661,10208030
 2021/05/10,0.661,0.672,0.652,0.667,6897761
 2021/05/11,0.667,0.667,0.647,0.662,4627234
 2021/05/12,0.662,0.669,0.659,0.665,6286558
 2021/05/13,0.665,0.665,0.653,0.654,2955505
 2021/05/14,0.653,0.664,0.647,0.663,4392822
 2021/05/17,0.665,0.683,0.665,0.681,26321038
 2021/05/18,0.676,0.684,0.676,0.679,9337006
 2021/05/19,0.679,0.693,0.675,0.691,25245390
 2021/05/20,0.691,0.693,0.679,0.684,7514592
 2021/05/21,0.689,0.703,0.683,0.688,9868425
 2021/05/24,0.689,0.693,0.677,0.688,5557745
 2021/05/25,0.688,0.695,0.678,0.695,15983154
 2021/05/26,0.697,0.697,0.686,0.687,7523422
 2021/05/27,0.687,0.695,0.685,0.691,8294041
 2021/05/28,0.693,0.71,0.691,0.7,18637388
 2021/05/31,0.701,0.727,0.698,0.725,23291992
 2021/06/01,0.725,0.727,0.712,0.725,12536496
 2021/06/02,0.729,0.736,0.713,0.714,6934860
 2021/06/03,0.716,0.716,0.694,0.695,8153780
 2021/06/04,0.693,0.701,0.687,0.695,6509931
 2021/06/07,0.695,0.697,0.686,0.695,6713234
 2021/06/08,0.693,0.702,0.687,0.692,7240806
 2021/06/09,0.696,0.697,0.686,0.697,3808096
 2021/06/10,0.697,0.733,0.697,0.728,23936100
 2021/06/11,0.728,0.752,0.728,0.743,22707078
 2021/06/15,0.743,0.749,0.732,0.735,13888349
 2021/06/16,0.735,0.735,0.705,0.707,9296171
 2021/06/17,0.706,0.721,0.706,0.721,10312698
 2021/06/18,0.719,0.745,0.719,0.739,8679886
 2021/06/21,0.738,0.766,0.735,0.76,14878631
 2021/06/22,0.761,0.767,0.751,0.764,6130356
 2021/06/23,0.763,0.783,0.763,0.776,8201939
 2021/06/24,0.793,0.811,0.779,0.804,13111297
 2021/06/25,0.819,0.819,0.8,0.806,15758308
 2021/06/28,0.807,0.821,0.806,0.819,24375586
 2021/06/29,0.823,0.842,0.823,0.839,11990110
 2021/06/30,0.838,0.85,0.824,0.847,10886914
 2021/07/01,0.848,0.853,0.822,0.823,8561646
 2021/07/02,0.821,0.832,0.811,0.812,12790170
 2021/07/05,0.811,0.831,0.811,0.827,5767325
 2021/07/06,0.831,0.831,0.795,0.811,11362571
 2021/07/07,0.8,0.86,0.797,0.853,11208420
 2021/07/08,0.853,0.877,0.853,0.864,12044769
 2021/07/09,0.865,0.874,0.837,0.869,13097033
 2021/07/12,0.9,0.9,0.867,0.883,13955035
 2021/07/13,0.883,0.905,0.877,0.895,9883045
 2021/07/14,0.895,0.901,0.869,0.877,11421941
 2021/07/15,0.877,0.916,0.871,0.913,12459639
 2021/07/16,0.922,0.931,0.898,0.905,14567935
 2021/07/19,0.905,0.922,0.896,0.898,10357546
 2021/07/20,0.898,0.907,0.874,0.902,8385337
 2021/07/21,0.906,0.952,0.906,0.946,17153664
 2021/07/22,0.951,0.973,0.943,0.973,13075840
 2021/07/23,0.973,0.998,0.967,0.981,19039536
 2021/07/26,0.987,0.992,0.941,0.979,17325826
 2021/07/27,0.979,0.993,0.916,0.921,26386624
 2021/07/28,0.913,0.924,0.871,0.909,16894708
 2021/07/29,0.935,0.993,0.929,0.993,26999024
 2021/07/30,0.989,1.046,0.983,1.024,23792870
 2021/08/02,1.024,1.051,1.001,1.039,25355656
 2021/08/03,1.037,1.037,0.973,0.985,24345728
 2021/08/04,0.984,1.053,0.981,1.051,33204308
 2021/08/05,1.05,1.067,1.032,1.061,16519803
 2021/08/06,1.061,1.091,1.053,1.075,14722625
 2021/08/09,1.075,1.075,1.027,1.059,15390812
 2021/08/10,1.057,1.09,1.033,1.06,18386592
 2021/08/11,1.059,1.07,1.04,1.061,15002873
 2021/08/12,1.058,1.061,1.037,1.052,13302930
 2021/08/13,1.041,1.065,1.03,1.04,14664107
 2021/08/16,1.027,1.044,1.019,1.022,13816405
 2021/08/17,1.022,1.041,1.002,1.013,17378672
 2021/08/18,1.013,1.023,0.983,0.994,16970766
 2021/08/19,0.992,1.028,0.979,1.015,17197652
 2021/08/20,1.015,1.036,1.001,1.023,14833786
 2021/08/23,1.025,1.059,1.017,1.057,16026425
 2021/08/24,1.063,1.095,1.057,1.075,15344659
 2021/08/25,1.079,1.129,1.071,1.121,42185068
 2021/08/26,1.119,1.145,1.117,1.117,16796814
 2021/08/27,1.113,1.15,1.104,1.144,17608906
 2021/08/30,1.166,1.223,1.145,1.207,19947022
 2021/08/31,1.2,1.201,1.175,1.192,21094904
 2021/09/01,1.193,1.207,1.107,1.131,20776424
 2021/09/02,1.127,1.186,1.125,1.183,18200638
 2021/09/03,1.187,1.216,1.139,1.159,20074008
 2021/09/06,1.159,1.159,1.085,1.133,33930252
 2021/09/07,1.133,1.157,1.119,1.157,15765608
 2021/09/08,1.174,1.174,1.11,1.117,21210406
 2021/09/09,1.12,1.125,1.089,1.115,16750438
 2021/09/10,1.115,1.14,1.099,1.134,15824819
 2021/09/13,1.147,1.147,1.091,1.098,16471403
 2021/09/14,1.095,1.115,1.08,1.101,15208747
 2021/09/15,1.103,1.133,1.099,1.129,18396814
 2021/09/16,1.133,1.133,1.065,1.07,26521118
 2021/09/17,1.059,1.073,1.021,1.052,18667820
 2021/09/22,1.047,1.074,1.039,1.064,12806602
 2021/09/23,1.065,1.087,1.065,1.072,14459610
 2021/09/24,1.073,1.108,1.048,1.093,21048012
 2021/09/27,1.1,1.106,1.049,1.078,14022410
 2021/09/28,1.076,1.093,1.063,1.067,11951101
 2021/09/29,1.057,1.085,1.049,1.062,12108803
 2021/09/30,1.059,1.084,1.057,1.081,11806738
 2021/10/08,1.085,1.095,1.046,1.053,10076402
 2021/10/11,1.053,1.063,1.031,1.037,8863407
 2021/10/12,1.037,1.043,1.007,1.025,9952815
 2021/10/13,1.025,1.07,1.022,1.068,13722700
 2021/10/14,1.063,1.107,1.063,1.09,11978900
 2021/10/15,1.091,1.12,1.081,1.113,13267118
 2021/10/18,1.121,1.136,1.114,1.134,12368604
 2021/10/19,1.144,1.144,1.124,1.133,9188016
 2021/10/20,1.133,1.17,1.128,1.158,16532728
 2021/10/21,1.163,1.163,1.128,1.133,10881905
 2021/10/22,1.133,1.138,1.113,1.118,6684403
 2021/10/25,1.123,1.177,1.121,1.166,14315418
 2021/10/26,1.188,1.188,1.154,1.156,10650008
 2021/10/27,1.159,1.189,1.159,1.181,15207906
 2021/10/28,1.172,1.191,1.157,1.165,13966901
 2021/10/29,1.167,1.203,1.129,1.197,16255303
 2021/11/01,1.197,1.214,1.165,1.188,12029201
 2021/11/02,1.187,1.187,1.149,1.161,19547216
 2021/11/03,1.155,1.167,1.126,1.14,14712024
 2021/11/04,1.141,1.175,1.141,1.163,11990202
 2021/11/05,1.153,1.161,1.132,1.137,12892202
 2021/11/08,1.136,1.152,1.12,1.145,14424750
 2021/11/09,1.17,1.181,1.147,1.159,14360900
 2021/11/10,1.159,1.159,1.126,1.146,18869150
 2021/11/11,1.146,1.165,1.138,1.148,15366716
 2021/11/12,1.15,1.175,1.15,1.17,17887900
 2021/11/15,1.174,1.174,1.125,1.135,21759220
 2021/11/16,1.134,1.135,1.11,1.113,19114756
 2021/11/17,1.112,1.147,1.112,1.142,17069452
 2021/11/18,1.142,1.143,1.122,1.131,15298553
 2021/11/19,1.131,1.159,1.123,1.151,17677652
 2021/11/22,1.151,1.177,1.151,1.176,20236866
 2021/11/23,1.174,1.186,1.164,1.167,18724978
 2021/11/24,1.168,1.17,1.134,1.138,21939552
 2021/11/25,1.138,1.138,1.119,1.122,22188250
 2021/11/26,1.121,1.134,1.117,1.126,13439056
 2021/11/29,1.114,1.146,1.107,1.138,20213256
 2021/11/30,1.138,1.15,1.131,1.14,13270500
 2021/12/01,1.14,1.145,1.12,1.129,16396601
 2021/12/02,1.121,1.128,1.109,1.114,16978504
 2021/12/03,1.113,1.114,1.096,1.114,19937804
 2021/12/06,1.117,1.131,1.108,1.11,14705879
 2021/12/07,1.114,1.119,1.086,1.109,15291717
 2021/12/08,1.11,1.128,1.106,1.124,16973480
 2021/12/09,1.124,1.126,1.111,1.118,11971928
 2021/12/10,1.114,1.144,1.11,1.138,19490954
 2021/12/13,1.142,1.157,1.13,1.145,17573156
 2021/12/14,1.145,1.148,1.132,1.135,17054150
 2021/12/15,1.137,1.151,1.131,1.141,18257752
 2021/12/16,1.147,1.153,1.14,1.153,10806909
 2021/12/17,1.153,1.153,1.117,1.118,19173450
 2021/12/20,1.118,1.118,1.068,1.071,20573856
 2021/12/21,1.067,1.072,1.049,1.07,12485458
 2021/12/22,1.07,1.076,1.063,1.072,11291800
 2021/12/23,1.072,1.092,1.063,1.084,12728662
 2021/12/24,1.084,1.088,1.047,1.049,14815732
 2021/12/27,1.048,1.054,1.024,1.037,10026303
 2021/12/28,1.037,1.059,1.03,1.058,11629951
 2021/12/29,1.063,1.073,1.048,1.059,10698800
 2021/12/30,1.06,1.074,1.057,1.06,9379613
 2021/12/31,1.07,1.109,1.07,1.097,15053130
 2022/01/04,1.097,1.101,1.046,1.049,19378950
 2022/01/05,1.056,1.08,1.012,1.014,16837652
 2022/01/06,1.007,1.021,0.995,1.015,11357377
 2022/01/07,1.016,1.02,0.987,0.996,14720886
 2022/01/10,0.996,1.008,0.976,0.981,15296129
 2022/01/11,0.981,0.986,0.961,0.968,14483619
 2022/01/12,0.969,0.996,0.969,0.996,13738201
 2022/01/13,0.999,1.001,0.974,0.98,12540051
 2022/01/14,0.976,0.999,0.969,0.988,10581300
 2022/01/17,0.987,1.017,0.986,1,12181803
 2022/01/18,0.999,1.008,0.991,1,12402318
 2022/01/19,1.001,1.01,0.976,0.984,11474350
 2022/01/20,0.984,0.984,0.968,0.972,10455860
 2022/01/21,0.972,0.984,0.962,0.97,11898650
 2022/01/24,0.97,1.003,0.962,0.997,15091250
 2022/01/25,0.99,1.001,0.972,0.974,13483800
 2022/01/26,0.983,0.994,0.973,0.994,12694650
 2022/01/27,0.995,0.995,0.954,0.954,17924840
 2022/01/28,0.962,0.97,0.925,0.941,10793928
 2022/02/07,0.952,0.972,0.952,0.96,10296403
 2022/02/08,0.96,0.964,0.909,0.928,14376604
 2022/02/09,0.928,0.93,0.909,0.929,13911650
 2022/02/10,0.929,0.934,0.897,0.905,13515356
 2022/02/11,0.9,0.901,0.877,0.886,15177044
 2022/02/14,0.88,0.885,0.861,0.874,13088278
 2022/02/15,0.872,0.906,0.872,0.905,16899800
 2022/02/16,0.912,0.916,0.901,0.905,14866300
 2022/02/17,0.904,0.937,0.9,0.928,25457060
 2022/02/18,0.923,0.931,0.917,0.922,15543450
 2022/02/21,0.922,0.928,0.911,0.925,14835539
 2022/02/22,0.922,0.948,0.91,0.94,26075252
 2022/02/23,0.94,0.97,0.94,0.969,15054659
 2022/02/24,0.968,1.002,0.959,0.977,23593102
 2022/02/25,0.991,1.006,0.981,0.991,11543178
 2022/02/28,0.991,1.018,0.985,1.016,17090050
 2022/03/01,1.033,1.05,1.017,1.025,15940434
 2022/03/02,1.036,1.036,1,1.031,25684608
 2022/03/03,1.032,1.035,1.008,1.01,12917162
 2022/03/04,1.01,1.021,0.996,1.004,14555412
 2022/03/07,1.004,1.004,0.979,0.983,14434754
 2022/03/08,0.981,1.01,0.975,0.98,26595650
 2022/03/09,0.992,1.002,0.935,0.983,17001712
 2022/03/10,1.005,1.032,1.004,1.017,22524212
 2022/03/11,1.005,1.012,0.978,1.006,25676462
 2022/03/14,1.003,1.012,0.981,0.982,43056600
 2022/03/15,0.974,0.996,0.953,0.96,18173156
 2022/03/16,0.97,0.99,0.931,0.986,22785552
 2022/03/17,0.999,1.003,0.977,0.98,34580172
 2022/03/18,0.968,0.979,0.961,0.979,12191050
 2022/03/21,0.979,0.994,0.971,0.982,14163050
 2022/03/22,0.986,0.986,0.955,0.962,15500550
 2022/03/23,0.966,0.983,0.961,0.967,15435737
 2022/03/24,0.96,0.963,0.939,0.95,16965850
 2022/03/25,0.95,0.955,0.921,0.922,18982050
 2022/03/28,0.919,0.928,0.909,0.922,16497950
 2022/03/29,0.926,0.933,0.906,0.914,16150060
 2022/03/30,0.917,0.938,0.914,0.938,32982002
 2022/03/31,0.936,0.936,0.905,0.906,31601582
 2022/04/01,0.9,0.922,0.897,0.907,15234690
 2022/04/06,0.905,0.906,0.875,0.882,20979800
 2022/04/07,0.875,0.88,0.864,0.867,10851654
 2022/04/08,0.867,0.875,0.85,0.862,10777057
 2022/04/11,0.857,0.857,0.82,0.82,20014300
 2022/04/12,0.82,0.83,0.806,0.826,16583800
 2022/04/13,0.825,0.832,0.813,0.816,34934984
 2022/04/14,0.82,0.824,0.8,0.808,19631840
 2022/04/15,0.806,0.807,0.787,0.802,12015550
 2022/04/18,0.8,0.833,0.791,0.832,21761350
 2022/04/19,0.832,0.853,0.83,0.836,18140700
 2022/04/20,0.825,0.825,0.801,0.804,16128203
 2022/04/21,0.797,0.802,0.758,0.762,18993062
 2022/04/22,0.762,0.764,0.746,0.751,14468150
 2022/04/25,0.75,0.75,0.69,0.698,17373976
 2022/04/26,0.698,0.712,0.685,0.687,17250204
 2022/04/27,0.684,0.745,0.679,0.744,24629260
 2022/04/28,0.74,0.765,0.731,0.753,19338208
 2022/04/29,0.753,0.789,0.749,0.78,19725900
 2022/05/05,0.78,0.802,0.773,0.799,17190000
 2022/05/06,0.765,0.789,0.765,0.775,14092200
 2022/05/09,0.776,0.793,0.774,0.785,12217050
 2022/05/10,0.767,0.82,0.763,0.804,16197850
 2022/05/11,0.804,0.85,0.804,0.83,20062600
 2022/05/12,0.83,0.832,0.817,0.824,16592241
 2022/05/13,0.824,0.834,0.82,0.828,13870000
 2022/05/16,0.827,0.845,0.814,0.817,13873850
 2022/05/17,0.817,0.848,0.814,0.844,17389300
 2022/05/18,0.854,0.864,0.84,0.857,17927200
 2022/05/19,0.849,0.911,0.844,0.909,30880804
 2022/05/20,0.914,0.915,0.896,0.915,21475350
 2022/05/23,0.915,0.915,0.893,0.914,21417950
 2022/05/24,0.914,0.919,0.88,0.891,17686800
 2022/05/25,0.89,0.891,0.872,0.89,13086778
 2022/05/26,0.89,0.902,0.875,0.889,11926850
 2022/05/27,0.891,0.903,0.876,0.884,14461950
 2022/05/30,0.89,0.892,0.873,0.886,13523812
 2022/05/31,0.896,0.916,0.886,0.914,17725576
 2022/06/01,0.913,0.916,0.901,0.906,16389200
 2022/06/02,0.907,0.93,0.9,0.928,18855710
 2022/06/06,0.927,0.986,0.921,0.974,22845450
 2022/06/07,0.995,1.003,0.972,0.978,26287512
 2022/06/08,0.976,0.983,0.953,0.975,23369150
 2022/06/09,0.973,0.989,0.96,0.973,20856770
 2022/06/10,0.957,0.997,0.954,0.995,23844676
 2022/06/13,0.982,1.01,0.98,1.001,18026600
 2022/06/14,1.001,1.001,0.947,0.985,29414156
 2022/06/15,0.985,0.998,0.961,0.967,33998952
 2022/06/16,0.967,1.004,0.967,0.994,29648708
 2022/06/17,0.992,1.018,0.988,1.016,40533400
 2022/06/20,1.021,1.044,1.003,1.026,39531656
 2022/06/21,1.027,1.043,1.004,1.02,27132536
 2022/06/22,1.017,1.052,1.016,1.028,25866308
 2022/06/23,1.032,1.05,1.017,1.048,21567000
 2022/06/24,1.049,1.079,1.049,1.077,21376812
 2022/06/27,1.085,1.096,1.069,1.079,21144350
 2022/06/28,1.08,1.108,1.066,1.106,37657764
 2022/06/29,1.106,1.106,1.052,1.056,30613664
 2022/06/30,1.056,1.104,1.052,1.092,30504116
 2022/07/01,1.091,1.109,1.076,1.082,30538910
 2022/07/04,1.074,1.101,1.058,1.098,29548706
 2022/07/05,1.097,1.116,1.095,1.115,28845330
 2022/07/06,1.106,1.121,1.097,1.108,22964814
 2022/07/07,1.105,1.145,1.093,1.143,31790908
 2022/07/08,1.148,1.158,1.113,1.119,28111350
 2022/07/11,1.113,1.113,1.076,1.089,30331652
 2022/07/12,1.085,1.114,1.081,1.086,25105750
 2022/07/13,1.081,1.115,1.069,1.107,28959400
 2022/07/14,1.101,1.155,1.095,1.141,37230000
 2022/07/15,1.14,1.156,1.131,1.138,27977012
 2022/07/18,1.138,1.146,1.112,1.138,22573804
 2022/07/19,1.139,1.146,1.107,1.11,24835500
 2022/07/20,1.11,1.124,1.103,1.117,21275200
 2022/07/21,1.117,1.126,1.104,1.108,21628608
 2022/07/22,1.102,1.134,1.102,1.114,25321352
 2022/07/25,1.114,1.118,1.082,1.085,28341912
 2022/07/26,1.088,1.114,1.078,1.103,22993350
 2022/07/27,1.104,1.139,1.099,1.138,30275952
 2022/07/28,1.145,1.159,1.13,1.138,27040452
 2022/07/29,1.138,1.159,1.133,1.138,21782300
 2022/08/01,1.139,1.148,1.111,1.141,25759350
 2022/08/02,1.134,1.14,1.109,1.125,29836350
 2022/08/03,1.124,1.14,1.081,1.087,22389512
 2022/08/04,1.092,1.097,1.067,1.085,25794000
 2022/08/05,1.085,1.092,1.067,1.085,27081700
 2022/08/08,1.085,1.1,1.064,1.097,24585050
 2022/08/09,1.093,1.147,1.093,1.132,35064100
 2022/08/10,1.126,1.148,1.122,1.136,23065120
 2022/08/11,1.141,1.147,1.119,1.14,18231128
 2022/08/12,1.142,1.143,1.12,1.123,16248700
 2022/08/15,1.125,1.169,1.12,1.164,28192450
 2022/08/16,1.169,1.197,1.163,1.18,36854752
 2022/08/17,1.179,1.211,1.179,1.188,22317414
 2022/08/18,1.187,1.217,1.182,1.211,19688554
 2022/08/19,1.211,1.217,1.171,1.181,23684600
 2022/08/22,1.175,1.181,1.156,1.175,16643600
 2022/08/23,1.175,1.207,1.173,1.193,19420680
 2022/08/24,1.188,1.194,1.155,1.157,22664000
 2022/08/25,1.155,1.164,1.116,1.128,21603700
 2022/08/26,1.13,1.147,1.112,1.118,20066350
 2022/08/29,1.113,1.23,1.087,1.134,53270900
 2022/08/30,1.135,1.143,1.116,1.119,45584848
 2022/08/31,1.119,1.119,1.048,1.048,33521400
 2022/09/01,1.043,1.059,1.041,1.046,21070850
 2022/09/02,1.046,1.055,1.018,1.034,21100300
 2022/09/05,1.029,1.062,1.028,1.048,18512800
 2022/09/06,1.051,1.101,1.041,1.101,26225700
 2022/09/07,1.097,1.132,1.085,1.114,20516250
 2022/09/08,1.113,1.128,1.106,1.109,14022600
 2022/09/09,1.11,1.11,1.081,1.095,16412212
 2022/09/13,1.095,1.098,1.073,1.089,15260650
 2022/09/14,1.082,1.091,1.063,1.069,15469500
 2022/09/15,1.069,1.08,0.992,1,31957900
 2022/09/16,0.998,1.016,0.989,0.99,19266000
 2022/09/19,0.991,1,0.972,0.976,19024400
 2022/09/20,0.985,1.023,0.985,1.009,22673150
 2022/09/21,1.007,1.016,0.991,0.999,19992800
 2022/09/22,0.998,1.016,0.976,1.004,16646353
 2022/09/23,1,1.02,0.983,0.997,20571800
 2022/09/26,0.992,1.023,0.984,1.005,22821050
 2022/09/27,1.005,1.022,0.998,1.009,19346900
 2022/09/28,1.009,1.023,0.978,0.984,19923600
 2022/09/29,0.994,0.998,0.968,0.993,18599254
 2022/09/30,0.991,0.995,0.962,0.967,18326806
 2022/10/10,0.966,0.98,0.939,0.945,18502050
 2022/10/11,0.94,0.964,0.94,0.954,15537450
 2022/10/12,0.954,0.996,0.929,0.996,23757900
 2022/10/13,0.993,1.013,0.982,0.99,17911900
 2022/10/14,0.998,1.046,0.988,1.032,21877050
 2022/10/17,1.026,1.026,0.999,1.023,18883400
 2022/10/18,1.028,1.039,1.015,1.024,13904150
 2022/10/19,1.024,1.034,1.01,1.011,13494000
 2022/10/20,1.012,1.012,0.974,0.993,22849500
 2022/10/21,0.986,0.998,0.977,0.983,20117550
 2022/10/24,0.98,0.991,0.96,0.967,18805000
 2022/10/25,0.958,1.007,0.958,0.994,17631052
 2022/10/26,1.001,1.022,0.989,1.018,19589500
 2022/10/27,1.034,1.058,1.015,1.015,20502350
 2022/10/28,1.01,1.019,0.981,0.984,21362050
 2022/10/31,0.97,0.989,0.961,0.97,21330100
 2022/11/01,0.971,1.003,0.97,1.001,16801000
 2022/11/02,1.001,1.025,0.994,1.019,21074100
 2022/11/03,1.019,1.045,1.013,1.026,20361300
 2022/11/04,1.028,1.072,1.028,1.071,28686312
 2022/11/07,1.07,1.081,1.059,1.064,17748006
 2022/11/08,1.066,1.074,1.041,1.051,17794450
 2022/11/09,1.051,1.051,1.029,1.034,17028500
 2022/11/10,1.028,1.03,1.003,1.008,19896852
 2022/11/11,1.03,1.042,1.007,1.015,22036400
 2022/11/14,1.014,1.014,0.974,0.978,36045300
 2022/11/15,0.978,0.999,0.978,0.999,30224754
 2022/11/16,0.999,1.003,0.98,0.984,19417900
 2022/11/17,0.985,0.992,0.959,0.971,24848200
 2022/11/18,0.968,0.986,0.958,0.976,22312550
 2022/11/21,0.972,0.983,0.964,0.978,18583400
 2022/11/22,0.976,0.976,0.949,0.952,26167100
 2022/11/23,0.961,0.988,0.946,0.981,32175100
 2022/11/24,0.983,0.991,0.978,0.979,18079308
 2022/11/25,0.97,0.979,0.953,0.956,16786828
 2022/11/28,0.948,0.95,0.936,0.948,11744450
 2022/11/29,0.944,0.956,0.942,0.947,17507900
 2022/11/30,0.95,0.958,0.942,0.946,16656250
 2022/12/01,0.953,0.968,0.953,0.961,19559900
 2022/12/02,0.96,0.981,0.957,0.971,20754650
 2022/12/05,0.964,0.965,0.94,0.943,33416500
 2022/12/06,0.942,0.948,0.928,0.936,22459600
 2022/12/07,0.93,0.949,0.93,0.937,18465600
 2022/12/08,0.936,0.959,0.933,0.945,23004000
 2022/12/09,0.941,0.95,0.932,0.938,15699900
 2022/12/12,0.939,0.939,0.919,0.924,20258800
 2022/12/13,0.925,0.928,0.901,0.904,24263300
 2022/12/14,0.907,0.908,0.891,0.896,16201000
 2022/12/15,0.896,0.907,0.89,0.906,20883504
 2022/12/16,0.903,0.903,0.883,0.885,21225200
 2022/12/19,0.885,0.897,0.879,0.881,16272800
 2022/12/20,0.881,0.887,0.872,0.881,14765400
 2022/12/21,0.88,0.881,0.857,0.86,16637000
 2022/12/22,0.86,0.866,0.834,0.837,19287306
 2022/12/23,0.833,0.84,0.818,0.823,18028978
 2022/12/26,0.825,0.874,0.823,0.873,31269850
 2022/12/27,0.874,0.896,0.873,0.894,20339150
 2022/12/28,0.89,0.907,0.883,0.9,39235928
 2022/12/29,0.9,0.908,0.89,0.895,10473300
 2022/12/30,0.893,0.91,0.89,0.902,14823950
 2023/01/03,0.903,0.919,0.888,0.914,15782600
 2023/01/04,0.914,0.917,0.889,0.896,18177032
 2023/01/05,0.897,0.915,0.893,0.909,17667232
 2023/01/06,0.909,0.967,0.902,0.958,41236800
 2023/01/09,0.96,0.972,0.947,0.956,17112806
 2023/01/10,0.958,0.975,0.957,0.96,11379050
 2023/01/11,0.961,0.965,0.948,0.949,12890682
 2023/01/12,0.949,0.963,0.949,0.951,11252500
 2023/01/13,0.954,0.96,0.94,0.948,11224250
 2023/01/16,0.944,0.971,0.941,0.958,17523300
 2023/01/17,0.96,0.969,0.956,0.961,9694907
 2023/01/18,0.963,0.972,0.957,0.965,7524200
 2023/01/19,0.965,0.965,0.953,0.962,7874100
 2023/01/20,0.963,0.982,0.963,0.982,14498913
 2023/01/30,0.983,1.002,0.983,0.988,14697763
 2023/01/31,0.985,1.003,0.983,0.996,11503600
 2023/02/01,0.998,1.001,0.976,0.995,11394800
 2023/02/02,0.995,0.996,0.981,0.985,10625256
 2023/02/03,0.985,0.985,0.957,0.969,14784656
 2023/02/06,0.969,0.969,0.948,0.961,6469550
 2023/02/07,0.96,0.973,0.953,0.959,7568063
 2023/02/08,0.956,0.969,0.955,0.957,5873401
 2023/02/09,0.955,0.974,0.949,0.969,10909750
 2023/02/10,0.972,0.973,0.951,0.955,9975050
 2023/02/13,0.955,0.963,0.95,0.958,7325250
 2023/02/14,0.958,0.962,0.948,0.957,9408150
 2023/02/15,0.953,0.969,0.948,0.951,7798700
 2023/02/16,0.952,0.96,0.929,0.935,12317500
 2023/02/17,0.938,0.939,0.913,0.913,9890903
 2023/02/20,0.915,0.935,0.908,0.934,12142300
 2023/02/21,0.934,0.952,0.929,0.944,7161301
 2023/02/22,0.945,0.954,0.935,0.937,7000686
 2023/02/23,0.938,0.965,0.938,0.96,20269306
 2023/02/24,0.961,0.962,0.943,0.946,7444600
 2023/02/27,0.945,0.966,0.936,0.947,8922503
 2023/02/28,0.947,0.95,0.939,0.949,6169700
 2023/03/01,0.946,0.947,0.936,0.94,8712300
 2023/03/02,0.94,0.944,0.921,0.924,11429500
 2023/03/03,0.925,0.93,0.919,0.922,10350650
 2023/03/06,0.923,0.956,0.915,0.952,26114776
 2023/03/07,0.952,0.956,0.941,0.943,14459850
 2023/03/08,0.942,0.957,0.928,0.931,10845850
 2023/03/09,0.931,0.939,0.926,0.928,9651700
 2023/03/10,0.919,0.927,0.911,0.918,8830700
 2023/03/13,0.916,0.929,0.913,0.917,8405300
 2023/03/14,0.917,0.919,0.882,0.899,15002310
 2023/03/15,0.901,0.918,0.896,0.901,9836500
 2023/03/16,0.895,0.895,0.857,0.861,19952900
 2023/03/17,0.863,0.869,0.849,0.852,14952000
 2023/03/20,0.85,0.872,0.838,0.861,15046813
 2023/03/21,0.861,0.868,0.851,0.866,11735400
 2023/03/22,0.874,0.878,0.86,0.865,12578350
 2023/03/23,0.86,0.866,0.856,0.86,8476750
 2023/03/24,0.861,0.873,0.849,0.866,10306100
 2023/03/27,0.869,0.883,0.859,0.88,21844850
 2023/03/28,0.88,0.884,0.867,0.869,9369700
 2023/03/29,0.874,0.882,0.865,0.87,8891600
 2023/03/30,0.87,0.881,0.863,0.881,13809300
 2023/03/31,0.886,0.896,0.881,0.883,29501800
 2023/04/03,0.883,0.899,0.879,0.891,16490528
 2023/04/04,0.891,0.891,0.863,0.871,20501100
 2023/04/06,0.866,0.879,0.863,0.874,22987000
 2023/04/07,0.876,0.882,0.872,0.874,11848550
 2023/04/10,0.876,0.887,0.871,0.886,14030200
 2023/04/11,0.888,0.891,0.879,0.885,11674963
 2023/04/12,0.885,0.885,0.867,0.87,16277700
 2023/04/13,0.87,0.876,0.863,0.864,11931506
 2023/04/14,0.863,0.871,0.856,0.868,11865100
 2023/04/17,0.868,0.88,0.868,0.871,10955400
 2023/04/18,0.872,0.887,0.871,0.883,15919950
 2023/04/19,0.883,0.886,0.869,0.871,12789450
 2023/04/20,0.874,0.874,0.85,0.852,16766462
 2023/04/21,0.851,0.864,0.844,0.845,17453700
 2023/04/24,0.845,0.847,0.817,0.822,19734600
 2023/04/25,0.825,0.836,0.8,0.802,20587900
 2023/04/26,0.803,0.863,0.799,0.853,37817176
 2023/04/27,0.856,0.856,0.836,0.845,13658212
 2023/04/28,0.849,0.852,0.833,0.84,14528450
 2023/05/04,0.837,0.853,0.828,0.835,10102450
 2023/05/05,0.829,0.834,0.809,0.817,20774750
 2023/05/08,0.817,0.83,0.811,0.822,9590900
 2023/05/09,0.823,0.824,0.807,0.808,13748550
 2023/05/10,0.806,0.822,0.798,0.816,12604350
 2023/05/11,0.816,0.828,0.809,0.816,14932600
 2023/05/12,0.817,0.818,0.797,0.797,16842700
 2023/05/15,0.797,0.827,0.797,0.825,20913000
 2023/05/16,0.834,0.84,0.825,0.831,17580650
 2023/05/17,0.833,0.838,0.823,0.832,10646215
 2023/05/18,0.833,0.835,0.813,0.818,14994000
 2023/05/19,0.825,0.825,0.811,0.817,8504000
 2023/05/22,0.817,0.824,0.812,0.821,7503050
 2023/05/23,0.821,0.834,0.816,0.819,14482500
 2023/05/24,0.819,0.844,0.813,0.833,27638450
 2023/05/25,0.833,0.859,0.828,0.85,26153550
 2023/05/26,0.846,0.847,0.821,0.828,13862800
 2023/05/29,0.829,0.832,0.798,0.801,30439200
 2023/05/30,0.798,0.806,0.783,0.793,19389704
 2023/05/31,0.792,0.796,0.779,0.78,15075900
 2023/06/01,0.78,0.79,0.773,0.775,19558500
 2023/06/02,0.775,0.784,0.773,0.781,13473700
 2023/06/05,0.778,0.781,0.763,0.765,13653050
 2023/06/06,0.766,0.766,0.749,0.759,16561500
 2023/06/07,0.76,0.763,0.744,0.747,16866900
 2023/06/08,0.747,0.759,0.746,0.748,16253200
 2023/06/09,0.75,0.753,0.741,0.752,12244251
 2023/06/12,0.756,0.767,0.746,0.763,21018652
 2023/06/13,0.76,0.767,0.755,0.761,10825453
 2023/06/14,0.758,0.763,0.752,0.752,12183200
 2023/06/15,0.752,0.791,0.748,0.789,40492504
 2023/06/16,0.792,0.806,0.79,0.804,26407684
 2023/06/19,0.804,0.807,0.794,0.802,21980712
 2023/06/20,0.802,0.81,0.797,0.803,23902550
 2023/06/21,0.805,0.813,0.791,0.791,23922004
 2023/06/26,0.791,0.814,0.783,0.805,30598652
 2023/06/27,0.803,0.822,0.8,0.807,25595200
 2023/06/28,0.807,0.818,0.803,0.817,24930450
 2023/06/29,0.816,0.831,0.813,0.814,20401350
 2023/06/30,0.813,0.828,0.805,0.821,20524400
 2023/07/03,0.823,0.837,0.821,0.825,19056700
 2023/07/04,0.826,0.827,0.812,0.816,19385850
 2023/07/05,0.822,0.822,0.803,0.806,18459100
 2023/07/06,0.806,0.81,0.797,0.802,18975710
 2023/07/07,0.802,0.802,0.788,0.789,19983856
 2023/07/10,0.788,0.818,0.787,0.812,35769700
 2023/07/11,0.812,0.815,0.799,0.805,19529800
 2023/07/12,0.805,0.821,0.793,0.814,31258700
 2023/07/13,0.812,0.829,0.812,0.818,43581048
 2023/07/14,0.818,0.818,0.804,0.805,16965350
 2023/07/17,0.805,0.807,0.796,0.801,11165800
 2023/07/18,0.802,0.802,0.79,0.794,18968900
 2023/07/19,0.794,0.796,0.78,0.782,18572750
 2023/07/20,0.783,0.789,0.778,0.78,25093000
 2023/07/21,0.777,0.78,0.767,0.77,22887400
 2023/07/24,0.768,0.773,0.761,0.763,18502250
 2023/07/25,0.766,0.778,0.766,0.773,25388400
 2023/07/26,0.774,0.785,0.772,0.778,21296500
 2023/07/27,0.781,0.782,0.765,0.768,13852600
 2023/07/28,0.772,0.777,0.76,0.775,19584106
 2023/07/31,0.777,0.788,0.775,0.781,20522500
 2023/08/01,0.782,0.787,0.765,0.77,20573250
 2023/08/02,0.771,0.773,0.765,0.767,10116900
 2023/08/03,0.771,0.784,0.768,0.778,29235700
 2023/08/04,0.78,0.787,0.775,0.783,14457950
 2023/08/07,0.784,0.784,0.773,0.776,8123650
 2023/08/08,0.78,0.783,0.768,0.769,9756500
 2023/08/09,0.766,0.77,0.764,0.766,15338756
 2023/08/10,0.765,0.778,0.765,0.773,15193300
 2023/08/11,0.774,0.774,0.756,0.758,18121900
 2023/08/14,0.75,0.752,0.741,0.751,16176900
 2023/08/15,0.751,0.752,0.729,0.732,19294900
 2023/08/16,0.73,0.737,0.72,0.72,16072100
 2023/08/17,0.722,0.726,0.711,0.721,21231050
 2023/08/18,0.722,0.73,0.715,0.716,15367550
 2023/08/21,0.712,0.716,0.696,0.697,19812000
 2023/08/22,0.703,0.703,0.676,0.69,26232304
 2023/08/23,0.689,0.689,0.667,0.668,16690006
 2023/08/24,0.668,0.691,0.668,0.684,29213500
 2023/08/25,0.68,0.688,0.675,0.679,9135750
 2023/08/28,0.706,0.727,0.684,0.69,33013952
 2023/08/29,0.688,0.705,0.685,0.704,19180252
 2023/08/30,0.704,0.715,0.702,0.705,12167000
 2023/08/31,0.704,0.705,0.696,0.697,10281000
 2023/09/01,0.697,0.702,0.694,0.696,7044600
 2023/09/04,0.697,0.702,0.69,0.7,11067200
 2023/09/05,0.7,0.711,0.693,0.707,22270000
 2023/09/06,0.707,0.707,0.694,0.699,7992800
 2023/09/07,0.699,0.699,0.679,0.679,11677100
 2023/09/08,0.678,0.681,0.667,0.671,8478700
 2023/09/11,0.672,0.68,0.666,0.675,13753351
 2023/09/12,0.673,0.682,0.67,0.676,12919150
 2023/09/13,0.675,0.678,0.665,0.668,10273500
 2023/09/14,0.668,0.668,0.659,0.66,14419450
 2023/09/15,0.66,0.665,0.655,0.656,14443300
 2023/09/18,0.655,0.667,0.65,0.66,16065400
 2023/09/19,0.662,0.662,0.648,0.651,14918278
 2023/09/20,0.651,0.653,0.643,0.644,13056400
 2023/09/21,0.643,0.645,0.637,0.637,21601700
 2023/09/22,0.635,0.648,0.635,0.647,13456600
 2023/09/25,0.648,0.652,0.64,0.649,12147006
 2023/09/26,0.648,0.652,0.645,0.647,8250400
 2023/09/27,0.647,0.673,0.647,0.67,23312672
 2023/09/28,0.67,0.673,0.665,0.67,12279500
 2023/10/09,0.668,0.668,0.66,0.667,12382350
 2023/10/10,0.667,0.667,0.656,0.658,7602200
 2023/10/11,0.655,0.669,0.653,0.658,7077350
 2023/10/12,0.658,0.669,0.657,0.667,13003750
 2023/10/13,0.664,0.664,0.651,0.658,6917800
 2023/10/16,0.658,0.658,0.639,0.642,7873000
 2023/10/17,0.641,0.646,0.637,0.643,11310850
 2023/10/18,0.641,0.641,0.63,0.63,10901600
 2023/10/19,0.628,0.632,0.623,0.627,9922500
 2023/10/20,0.625,0.635,0.621,0.632,10275357
 2023/10/23,0.63,0.63,0.605,0.61,12685900
 2023/10/24,0.61,0.614,0.604,0.611,6794307
 2023/10/25,0.612,0.622,0.608,0.609,10118200
 2023/10/26,0.603,0.606,0.586,0.596,19047006
 2023/10/27,0.594,0.619,0.592,0.616,19237750
 2023/10/30,0.613,0.625,0.61,0.624,11251350
 2023/10/31,0.623,0.623,0.608,0.612,12073900
 2023/11/01,0.612,0.615,0.601,0.603,18828200
 2023/11/02,0.613,0.613,0.588,0.589,21858900
 2023/11/03,0.589,0.604,0.589,0.599,13452803
 2023/11/06,0.6,0.622,0.6,0.618,22932704
 2023/11/07,0.618,0.622,0.612,0.62,9957550
 2023/11/08,0.619,0.625,0.616,0.62,15555013
 2023/11/09,0.62,0.64,0.618,0.636,21207500
 2023/11/10,0.635,0.635,0.621,0.625,13555900
 2023/11/13,0.627,0.632,0.624,0.629,6900300
 2023/11/14,0.629,0.636,0.625,0.63,8745200
 2023/11/15,0.639,0.644,0.634,0.637,17733550
 2023/11/16,0.638,0.64,0.621,0.622,19383100
 2023/11/17,0.618,0.623,0.615,0.62,7190550
 2023/11/20,0.62,0.624,0.613,0.622,7979201
 2023/11/21,0.619,0.625,0.615,0.616,12057750
 2023/11/22,0.616,0.616,0.604,0.604,12515900
 2023/11/23,0.604,0.607,0.601,0.607,8777681
 2023/11/24,0.609,0.609,0.596,0.597,11382465
 2023/11/27,0.593,0.597,0.584,0.588,16625700
 2023/11/28,0.588,0.59,0.582,0.587,32092556
 2023/11/29,0.588,0.588,0.579,0.581,10051904
 2023/11/30,0.582,0.583,0.573,0.575,11033300
 2023/12/01,0.575,0.575,0.566,0.573,10649900
 2023/12/04,0.573,0.575,0.565,0.565,8967650
 2023/12/05,0.565,0.569,0.555,0.558,13638000
 2023/12/06,0.556,0.566,0.552,0.561,13819450
 2023/12/07,0.559,0.561,0.549,0.553,12660200
 2023/12/08,0.558,0.558,0.551,0.553,10122600
 2023/12/11,0.553,0.556,0.542,0.555,13910800
 2023/12/12,0.554,0.556,0.548,0.55,12802300
 2023/12/13,0.549,0.549,0.535,0.535,13023400
 2023/12/14,0.539,0.545,0.534,0.534,11960900
 2023/12/15,0.539,0.548,0.536,0.539,19508900
 2023/12/18,0.538,0.538,0.525,0.526,14416750
 2023/12/19,0.526,0.538,0.524,0.533,22708900
 2023/12/20,0.533,0.534,0.526,0.526,11537450
 2023/12/21,0.526,0.548,0.524,0.543,32172500
 2023/12/22,0.544,0.559,0.537,0.553,27965200
 2023/12/25,0.553,0.558,0.549,0.554,8988800
 2023/12/26,0.552,0.557,0.549,0.553,15067006
 2023/12/27,0.553,0.553,0.544,0.552,10457450
 2023/12/28,0.553,0.595,0.55,0.595,40356752
 2023/12/29,0.595,0.595,0.585,0.589,16800128
 2024/01/02,0.592,0.592,0.578,0.581,9306800
 2024/01/03,0.58,0.584,0.574,0.579,14458600
 2024/01/04,0.579,0.579,0.564,0.57,11677000
 2024/01/05,0.57,0.577,0.555,0.56,11892700
 2024/01/08,0.557,0.568,0.555,0.557,16887800
 2024/01/09,0.559,0.58,0.549,0.567,21157400
 2024/01/10,0.566,0.585,0.561,0.574,21455100
 2024/01/11,0.574,0.585,0.571,0.583,18120300
 2024/01/12,0.583,0.599,0.577,0.586,25364850
 2024/01/15,0.583,0.587,0.576,0.577,18284150
 2024/01/16,0.577,0.59,0.571,0.587,25124500
 2024/01/17,0.587,0.587,0.57,0.571,17009600
 2024/01/18,0.569,0.594,0.563,0.594,26586500
 2024/01/19,0.594,0.596,0.579,0.579,22162900
 2024/01/22,0.575,0.579,0.558,0.56,27923600
 2024/01/23,0.56,0.584,0.557,0.572,30872200
 2024/01/24,0.572,0.576,0.549,0.567,28612900
 2024/01/25,0.568,0.571,0.551,0.571,22882700
 2024/01/26,0.566,0.574,0.56,0.561,15344200
 2024/01/29,0.56,0.56,0.528,0.529,31176550
 2024/01/30,0.524,0.529,0.515,0.515,23684350
 2024/01/31,0.511,0.521,0.503,0.504,18223700
 2024/02/01,0.5,0.521,0.5,0.51,24375000
 2024/02/02,0.511,0.513,0.477,0.493,18732700
 2024/02/05,0.491,0.491,0.459,0.479,19268764
 2024/02/06,0.479,0.508,0.47,0.506,25393804
 2024/02/07,0.507,0.524,0.506,0.519,18685450
 2024/02/08,0.526,0.534,0.52,0.529,15080700
 2024/02/19,0.529,0.533,0.524,0.53,7916350
 2024/02/20,0.532,0.532,0.519,0.526,14331650
 2024/02/21,0.526,0.544,0.519,0.532,23946950
 2024/02/22,0.53,0.547,0.53,0.537,8862900
 2024/02/23,0.54,0.552,0.539,0.545,13169150
 2024/02/26,0.545,0.549,0.538,0.541,7728650
 2024/02/27,0.542,0.55,0.535,0.548,11951050
 2024/02/28,0.553,0.573,0.542,0.542,31419700
 2024/02/29,0.541,0.558,0.538,0.558,15697750
 2024/03/01,0.559,0.568,0.553,0.567,13611900
 2024/03/04,0.567,0.575,0.565,0.571,14880350
 2024/03/05,0.57,0.57,0.56,0.565,11893650
 2024/03/06,0.565,0.589,0.56,0.578,23978100
 2024/03/07,0.577,0.58,0.563,0.564,12725700
 2024/03/08,0.564,0.584,0.564,0.583,22700300
 2024/03/11,0.59,0.608,0.589,0.604,25101700
 2024/03/12,0.607,0.612,0.6,0.602,21722200
 2024/03/13,0.599,0.602,0.595,0.599,11431100
 2024/03/14,0.6,0.6,0.585,0.59,14517400
 2024/03/15,0.591,0.594,0.577,0.586,14265600
 2024/03/18,0.59,0.596,0.586,0.595,12430906
 2024/03/19,0.595,0.601,0.587,0.587,9756500
 2024/03/20,0.585,0.596,0.584,0.588,10200300
 2024/03/21,0.591,0.591,0.578,0.58,12815550
 2024/03/22,0.579,0.579,0.564,0.564,21242300
 2024/03/25,0.564,0.571,0.558,0.559,7960210
 2024/03/26,0.559,0.568,0.554,0.566,19242000
 2024/03/27,0.566,0.566,0.548,0.549,13836700
 2024/03/28,0.549,0.56,0.548,0.553,12422900
 2024/03/29,0.553,0.558,0.548,0.554,7406200
 2024/04/01,0.556,0.575,0.556,0.575,20793750
 2024/04/02,0.576,0.576,0.567,0.571,8754100
 2024/04/03,0.571,0.571,0.564,0.568,8269600
 2024/04/08,0.568,0.568,0.553,0.553,9387700
 2024/04/09,0.552,0.558,0.55,0.557,6748951
 2024/04/10,0.557,0.557,0.543,0.547,13961600
 2024/04/11,0.548,0.551,0.539,0.546,7289100
 2024/04/12,0.545,0.546,0.532,0.532,11609950
 2024/04/15,0.548,0.548,0.532,0.538,11122800
 2024/04/16,0.538,0.538,0.523,0.524,11411900
 2024/04/17,0.524,0.536,0.524,0.536,11328100
 2024/04/18,0.536,0.539,0.529,0.532,7398950
 2024/04/19,0.529,0.531,0.517,0.519,13293100
 2024/04/22,0.519,0.531,0.518,0.522,7638300
 2024/04/23,0.519,0.529,0.514,0.516,10102300
 2024/04/24,0.516,0.516,0.506,0.513,12835250
 2024/04/25,0.514,0.517,0.502,0.509,10145000
 2024/04/26,0.508,0.521,0.505,0.519,12229500
 2024/04/29,0.52,0.542,0.52,0.539,18034100
 2024/04/30,0.536,0.536,0.524,0.527,11012300
 2024/05/06,0.528,0.538,0.528,0.534,11110650
 2024/05/07,0.536,0.536,0.527,0.535,10089450
 2024/05/08,0.535,0.535,0.526,0.527,8403400
 2024/05/09,0.526,0.546,0.526,0.538,12479350
 2024/05/10,0.538,0.538,0.529,0.536,9429800
 2024/05/13,0.535,0.542,0.525,0.536,10692250
 2024/05/14,0.531,0.541,0.53,0.53,8355600
 2024/05/15,0.53,0.539,0.525,0.527,10027600
 2024/05/16,0.524,0.53,0.523,0.525,10137100
 2024/05/17,0.522,0.525,0.515,0.525,14489901
 2024/05/20,0.526,0.53,0.522,0.525,11638350
 2024/05/21,0.525,0.525,0.516,0.517,10198350
 2024/05/22,0.519,0.553,0.518,0.549,43360848
 2024/05/23,0.545,0.546,0.533,0.535,21296200
 2024/05/24,0.535,0.543,0.529,0.53,15662700
 2024/05/27,0.531,0.531,0.519,0.526,15067050
 2024/05/28,0.526,0.532,0.522,0.524,13210500
 2024/05/29,0.529,0.546,0.527,0.534,32562950
 2024/05/30,0.539,0.544,0.533,0.535,22719250
 2024/05/31,0.535,0.536,0.526,0.526,17366000
 2024/06/03,0.527,0.527,0.518,0.522,19244200
 2024/06/04,0.52,0.532,0.517,0.529,16101350
 2024/06/05,0.527,0.53,0.523,0.523,9478200
 2024/06/06,0.522,0.527,0.508,0.509,32337104
 2024/06/07,0.509,0.513,0.498,0.503,18847300
 2024/06/11,0.504,0.508,0.497,0.506,10457700
 2024/06/12,0.506,0.51,0.5,0.504,8382650
 2024/06/13,0.505,0.508,0.502,0.502,9968750
 2024/06/14,0.502,0.504,0.497,0.502,13491389
 2024/06/17,0.502,0.502,0.495,0.5,9754450
 2024/06/18,0.497,0.507,0.497,0.504,10162800
 2024/06/19,0.505,0.509,0.492,0.493,17931200
 2024/06/20,0.492,0.493,0.48,0.481,14555350
 2024/06/21,0.483,0.487,0.478,0.481,14488501
 2024/06/24,0.48,0.48,0.469,0.47,15903000
 2024/06/25,0.471,0.472,0.455,0.457,22595250
 2024/06/26,0.457,0.464,0.452,0.464,15010600
 2024/06/27,0.461,0.462,0.453,0.453,11587600
 2024/06/28,0.451,0.458,0.45,0.452,10556400
 2024/07/01,0.452,0.459,0.449,0.456,9125400
 2024/07/02,0.452,0.455,0.445,0.446,19373300
 2024/07/03,0.446,0.448,0.441,0.444,11862301
 2024/07/04,0.444,0.446,0.434,0.436,11616100
 2024/07/05,0.435,0.441,0.433,0.439,12350700
 2024/07/08,0.439,0.439,0.424,0.426,14722600
 2024/07/09,0.425,0.431,0.418,0.427,18286700
 2024/07/10,0.426,0.437,0.419,0.427,21128552
 2024/07/11,0.432,0.446,0.432,0.443,21523790
 2024/07/12,0.443,0.451,0.442,0.446,16592650
 2024/07/15,0.447,0.447,0.439,0.442,14875800
 2024/07/16,0.447,0.451,0.439,0.45,14845300
 2024/07/17,0.451,0.457,0.45,0.451,11791000
 2024/07/18,0.447,0.455,0.441,0.452,17602300
 2024/07/19,0.449,0.459,0.449,0.459,17985300
 2024/07/22,0.46,0.464,0.456,0.46,9010200
 2024/07/23,0.456,0.458,0.447,0.448,13314650
 2024/07/24,0.448,0.448,0.438,0.439,13651000
 2024/07/25,0.44,0.456,0.439,0.449,17912600
 2024/07/26,0.449,0.453,0.448,0.452,9743550
 2024/07/29,0.452,0.452,0.442,0.443,10445000
 2024/07/30,0.442,0.446,0.438,0.441,8895150
 2024/07/31,0.441,0.457,0.437,0.456,14647500
 2024/08/01,0.458,0.458,0.45,0.452,11315100
 2024/08/02,0.448,0.456,0.445,0.446,11210250
 2024/08/05,0.445,0.456,0.44,0.44,12562000
 2024/08/06,0.443,0.458,0.443,0.456,15578200
 2024/08/07,0.455,0.458,0.452,0.456,10921550
 2024/08/08,0.454,0.457,0.451,0.454,10297450
 2024/08/09,0.457,0.457,0.446,0.447,9346700
 2024/08/12,0.45,0.454,0.444,0.446,9708100
 2024/08/13,0.444,0.449,0.439,0.447,10113800
 2024/08/14,0.447,0.451,0.44,0.441,8090300
 2024/08/15,0.44,0.451,0.438,0.446,9007000
 2024/08/16,0.447,0.447,0.441,0.441,8263600
 2024/08/19,0.44,0.441,0.436,0.437,8843900
 2024/08/20,0.437,0.439,0.43,0.432,11162250
 2024/08/21,0.434,0.434,0.426,0.426,8763800
 2024/08/22,0.426,0.429,0.418,0.419,11422200
 2024/08/23,0.418,0.422,0.417,0.419,6173750
 2024/08/26,0.419,0.429,0.419,0.424,8457900
 2024/08/27,0.423,0.425,0.414,0.42,13455500
 2024/08/28,0.42,0.422,0.416,0.419,11814100
 2024/08/29,0.419,0.439,0.419,0.436,21748450
 2024/08/30,0.436,0.448,0.433,0.44,15287800
 2024/09/02,0.438,0.445,0.431,0.432,12033500
 2024/09/03,0.432,0.441,0.429,0.438,12321700
 2024/09/04,0.438,0.444,0.435,0.439,10395200
 2024/09/05,0.439,0.446,0.439,0.442,11239700
 2024/09/06,0.442,0.442,0.431,0.431,7322700
 2024/09/09,0.431,0.434,0.426,0.427,8119400
 2024/09/10,0.427,0.429,0.422,0.426,13266100
 2024/09/11,0.427,0.436,0.426,0.433,12853251
 2024/09/12,0.435,0.446,0.434,0.435,9338800
 2024/09/13,0.436,0.436,0.426,0.427,7446900
 2024/09/18,0.426,0.426,0.419,0.424,9531800
 2024/09/19,0.424,0.435,0.424,0.429,10951900
 2024/09/20,0.427,0.429,0.419,0.424,13080100
 2024/09/23,0.423,0.424,0.415,0.418,24788900
 2024/09/24,0.419,0.433,0.415,0.432,27321450
 2024/09/25,0.434,0.449,0.434,0.437,21221852
 2024/09/26,0.437,0.454,0.433,0.454,19654000
 2024/09/27,0.463,0.499,0.455,0.495,29237354
 2024/09/30,0.521,0.545,0.505,0.545,40738988
 2024/10/08,0.6,0.6,0.57,0.6,51563564
 2024/10/09,0.602,0.602,0.541,0.547,40142752
 2024/10/10,0.547,0.556,0.531,0.539,23573450
 2024/10/11,0.539,0.539,0.508,0.514,19705850
 2024/10/14,0.513,0.526,0.508,0.524,15620601
 2024/10/15,0.524,0.525,0.511,0.511,16033800
 2024/10/16,0.509,0.509,0.496,0.498,23951150
 2024/10/17,0.498,0.505,0.49,0.49,15708450
 2024/10/18,0.489,0.525,0.488,0.515,31555454
 2024/10/21,0.518,0.544,0.518,0.531,42537504
 2024/10/22,0.53,0.546,0.518,0.542,33588648
 2024/10/23,0.54,0.588,0.537,0.571,70150104
 2024/10/24,0.571,0.571,0.55,0.551,42760000
 2024/10/25,0.552,0.606,0.552,0.599,68518704
 2024/10/28,0.602,0.603,0.578,0.592,31406750
 2024/10/29,0.606,0.618,0.576,0.577,43095900
 2024/10/30,0.573,0.587,0.564,0.582,37880352
 2024/10/31,0.593,0.609,0.59,0.601,53046856
 2024/11/01,0.6,0.601,0.578,0.587,42093300
 2024/11/04,0.587,0.594,0.578,0.587,31180450
 2024/11/05,0.587,0.601,0.58,0.599,27776300
 2024/11/06,0.599,0.614,0.59,0.595,28978100
 2024/11/07,0.588,0.59,0.568,0.59,35887952
 2024/11/08,0.597,0.601,0.59,0.592,30176016
 2024/11/11,0.591,0.61,0.586,0.607,43126752
 2024/11/12,0.607,0.62,0.594,0.6,41572352
 2024/11/13,0.597,0.603,0.59,0.601,21315900
 2024/11/14,0.603,0.608,0.584,0.586,22723250
 2024/11/15,0.586,0.587,0.565,0.566,21580800
 2024/11/18,0.563,0.568,0.551,0.555,24299400
 2024/11/19,0.555,0.569,0.55,0.568,22837900
 2024/11/20,0.567,0.568,0.559,0.565,19239552
 2024/11/21,0.57,0.578,0.562,0.565,16119700
 2024/11/22,0.564,0.564,0.541,0.542,20557606
 2024/11/25,0.542,0.545,0.535,0.544,17204250
 2024/11/26,0.544,0.554,0.54,0.542,16770400
 2024/11/27,0.542,0.553,0.534,0.552,15935762
 2024/11/28,0.553,0.559,0.549,0.55,20553000
 2024/11/29,0.548,0.562,0.547,0.558,16399513
 2024/12/02,0.554,0.56,0.542,0.56,22681804
 2024/12/03,0.56,0.565,0.555,0.559,18804106
 2024/12/04,0.55,0.561,0.544,0.546,23174600
 2024/12/05,0.544,0.547,0.542,0.546,12238500
 2024/12/06,0.546,0.549,0.533,0.549,26569700
 2024/12/09,0.548,0.548,0.539,0.541,13385500
 2024/12/10,0.557,0.557,0.54,0.542,16003300
 2024/12/11,0.542,0.546,0.54,0.544,11006700
 2024/12/12,0.545,0.549,0.54,0.547,18096850
 2024/12/13,0.543,0.544,0.532,0.533,20221350
 2024/12/16,0.534,0.534,0.522,0.525,17066700
 2024/12/17,0.525,0.528,0.52,0.522,13227750
 2024/12/18,0.522,0.527,0.517,0.518,17446700
 2024/12/19,0.514,0.519,0.51,0.519,18820100
 2024/12/20,0.519,0.52,0.515,0.516,15740300
 2024/12/23,0.518,0.525,0.514,0.516,22220150
 2024/12/24,0.516,0.526,0.512,0.523,21112704
 2024/12/25,0.525,0.527,0.515,0.52,13758800
 2024/12/26,0.52,0.521,0.516,0.518,35349900
 2024/12/27,0.518,0.522,0.514,0.516,17405850
 2024/12/30,0.514,0.518,0.511,0.516,19826150
 2024/12/31,0.514,0.521,0.502,0.502,27350000
 2025/01/02,0.502,0.504,0.486,0.49,25891900
 2025/01/03,0.491,0.494,0.477,0.482,26713200
 2025/01/06,0.481,0.486,0.475,0.48,23450600
 2025/01/07,0.479,0.484,0.476,0.483,19942100
 2025/01/08,0.482,0.486,0.473,0.482,20702900
 2025/01/09,0.482,0.488,0.479,0.479,17651200
 2025/01/10,0.48,0.48,0.463,0.464,19105500
 2025/01/13,0.463,0.469,0.46,0.465,15914850
 2025/01/14,0.464,0.482,0.464,0.482,25725450
 2025/01/15,0.481,0.491,0.474,0.485,24952300
 2025/01/16,0.484,0.495,0.483,0.49,22719200
 2025/01/17,0.49,0.492,0.483,0.489,18386300
 2025/01/20,0.489,0.496,0.489,0.491,14185600
 2025/01/21,0.491,0.493,0.481,0.484,14533250
 2025/01/22,0.481,0.481,0.474,0.476,18943600
 2025/01/23,0.478,0.483,0.474,0.475,27135000
 2025/01/24,0.474,0.484,0.472,0.484,24948600
 2025/01/27,0.483,0.486,0.475,0.476,19623500
 2025/02/05,0.476,0.479,0.471,0.475,12970150
 2025/02/06,0.475,0.484,0.47,0.484,26302400
 2025/02/07,0.484,0.508,0.481,0.503,37159700
 2025/02/10,0.505,0.506,0.492,0.499,27199904
 2025/02/11,0.499,0.499,0.486,0.489,26205100
 2025/02/12,0.491,0.494,0.485,0.493,25444400
 2025/02/13,0.493,0.493,0.486,0.487,22660600
 2025/02/14,0.489,0.492,0.485,0.489,18116750
 2025/02/17,0.488,0.493,0.487,0.491,22210270
 2025/02/18,0.497,0.498,0.483,0.485,26163600
 2025/02/19,0.485,0.492,0.481,0.49,27387000
 2025/02/20,0.489,0.49,0.483,0.487,15210600
 2025/02/21,0.487,0.49,0.481,0.489,20619100
 2025/02/24,0.489,0.496,0.485,0.493,33682448
 2025/02/25,0.489,0.498,0.487,0.495,30656500
 2025/02/26,0.496,0.511,0.496,0.509,35304852
 2025/02/27,0.509,0.511,0.497,0.504,29125920
 2025/02/28,0.504,0.508,0.493,0.494,26471900
 2025/03/03,0.495,0.505,0.494,0.497,27307150
 2025/03/04,0.496,0.498,0.489,0.497,17428700
 2025/03/05,0.497,0.497,0.485,0.491,22629752
 2025/03/06,0.491,0.499,0.488,0.497,24064850
 2025/03/07,0.496,0.499,0.489,0.494,26097900
 2025/03/10,0.494,0.498,0.491,0.497,17892756
 2025/03/11,0.493,0.498,0.488,0.498,23418100
 2025/03/12,0.498,0.501,0.496,0.498,18266752
 2025/03/13,0.498,0.499,0.49,0.491,16445900
 2025/03/14,0.491,0.503,0.491,0.502,25977696
 2025/03/17,0.505,0.51,0.502,0.505,26579800
 2025/03/18,0.506,0.508,0.503,0.508,24271550
 2025/03/19,0.505,0.509,0.5,0.505,20363700
 2025/03/20,0.504,0.504,0.498,0.499,18074250
 2025/03/21,0.496,0.502,0.492,0.494,22219500
 2025/03/24,0.495,0.496,0.485,0.491,20525200
 2025/03/25,0.491,0.498,0.49,0.495,19623100
 2025/03/26,0.494,0.506,0.493,0.502,24974000
 2025/03/27,0.501,0.501,0.492,0.494,20993100
 2025/03/28,0.495,0.5,0.489,0.49,14979400
 2025/03/31,0.489,0.49,0.472,0.476,37265700
 2025/04/01,0.476,0.485,0.475,0.479,18870200
 2025/04/02,0.48,0.483,0.477,0.479,10488500
 2025/04/03,0.476,0.477,0.467,0.47,19234900
 2025/04/07,0.458,0.459,0.423,0.423,36697552
 2025/04/08,0.411,0.424,0.411,0.416,15278800
#数据来源:通达信,,,,,
