                  光伏ETF (159857),,,,,
,,,,,
      时间,    开盘,    最高,    最低,    收盘,         成交量
,,,,,
 2021/02/24,0.958,0.98,0.915,0.93,66879484
 2021/02/25,0.933,0.945,0.922,0.925,47680772
 2021/02/26,0.91,0.926,0.892,0.917,58504960
 2021/03/01,0.918,0.952,0.918,0.944,62666280
 2021/03/02,0.954,0.957,0.925,0.935,57800908
 2021/03/03,0.929,0.931,0.911,0.93,60557440
 2021/03/04,0.927,0.927,0.869,0.874,86639320
 2021/03/05,0.849,0.883,0.849,0.874,62531316
 2021/03/08,0.875,0.88,0.826,0.828,76688808
 2021/03/09,0.828,0.829,0.789,0.802,68203032
 2021/03/10,0.823,0.825,0.802,0.807,67039280
 2021/03/11,0.818,0.839,0.806,0.836,68994912
 2021/03/12,0.842,0.854,0.83,0.853,63577676
 2021/03/15,0.849,0.849,0.809,0.818,60750652
 2021/03/16,0.82,0.828,0.807,0.823,72272760
 2021/03/17,0.822,0.829,0.806,0.827,57370124
 2021/03/18,0.83,0.842,0.824,0.84,75256608
 2021/03/19,0.828,0.831,0.814,0.82,46129712
 2021/03/22,0.816,0.843,0.816,0.838,59229424
 2021/03/23,0.84,0.84,0.818,0.825,50191016
 2021/03/24,0.822,0.828,0.805,0.808,52282344
 2021/03/25,0.805,0.812,0.792,0.807,50845032
 2021/03/26,0.812,0.839,0.812,0.835,88641536
 2021/03/29,0.835,0.837,0.821,0.828,85666632
 2021/03/30,0.828,0.859,0.823,0.855,76906008
 2021/03/31,0.857,0.857,0.842,0.848,54377120
 2021/04/01,0.846,0.87,0.846,0.858,59585000
 2021/04/02,0.861,0.861,0.844,0.855,57239560
 2021/04/06,0.857,0.883,0.857,0.874,71948616
 2021/04/07,0.874,0.875,0.85,0.86,53079832
 2021/04/08,0.854,0.857,0.846,0.853,58278112
 2021/04/09,0.85,0.851,0.835,0.839,60143772
 2021/04/12,0.838,0.839,0.812,0.816,54962512
 2021/04/13,0.81,0.82,0.807,0.811,56814304
 2021/04/14,0.814,0.823,0.811,0.822,53625812
 2021/04/15,0.818,0.83,0.815,0.827,57292204
 2021/04/16,0.827,0.827,0.811,0.824,51564304
 2021/04/19,0.819,0.854,0.819,0.853,74602664
 2021/04/20,0.85,0.875,0.847,0.862,66329240
 2021/04/21,0.862,0.869,0.853,0.859,54551628
 2021/04/22,0.861,0.872,0.849,0.862,45483452
 2021/04/23,0.855,0.879,0.855,0.872,50696332
 2021/04/26,0.872,0.891,0.866,0.866,47648744
 2021/04/27,0.866,0.874,0.857,0.866,42950044
 2021/04/28,0.866,0.881,0.865,0.88,46938008
 2021/04/29,0.881,0.885,0.869,0.879,45567128
 2021/04/30,0.876,0.904,0.876,0.898,58950256
 2021/05/06,0.902,0.91,0.885,0.896,69708512
 2021/05/07,0.896,0.904,0.87,0.872,42133512
 2021/05/10,0.865,0.885,0.859,0.88,45065132
 2021/05/11,0.868,0.874,0.853,0.874,48286308
 2021/05/12,0.873,0.882,0.868,0.88,52749308
 2021/05/13,0.876,0.876,0.86,0.862,42910120
 2021/05/14,0.862,0.876,0.851,0.873,43049412
 2021/05/17,0.872,0.899,0.87,0.899,61651620
 2021/05/18,0.901,0.902,0.889,0.895,33302914
 2021/05/19,0.89,0.912,0.887,0.91,51694952
 2021/05/20,0.913,0.915,0.894,0.901,44581072
 2021/05/21,0.912,0.926,0.899,0.905,46668812
 2021/05/24,0.908,0.908,0.887,0.905,46106500
 2021/05/25,0.905,0.914,0.891,0.914,49598564
 2021/05/26,0.914,0.914,0.901,0.902,46215416
 2021/05/27,0.902,0.915,0.9,0.91,57749112
 2021/05/28,0.911,0.935,0.907,0.922,58791328
 2021/05/31,0.922,0.959,0.917,0.958,57701624
 2021/06/01,0.958,0.958,0.936,0.954,45692028
 2021/06/02,0.954,0.97,0.934,0.938,39696332
 2021/06/03,0.937,0.937,0.911,0.913,56815724
 2021/06/04,0.91,0.921,0.899,0.919,57707120
 2021/06/07,0.919,0.919,0.898,0.908,52734800
 2021/06/08,0.903,0.92,0.899,0.904,51034808
 2021/06/09,0.904,0.912,0.897,0.911,50802440
 2021/06/10,0.911,0.961,0.911,0.953,95252336
 2021/06/11,0.954,0.983,0.954,0.975,99853088
 2021/06/15,0.975,0.982,0.96,0.966,44813472
 2021/06/16,0.962,0.962,0.924,0.927,59546912
 2021/06/17,0.927,0.946,0.927,0.946,47372320
 2021/06/18,0.946,0.973,0.946,0.968,50546640
 2021/06/21,0.972,1.004,0.96,0.998,93326168
 2021/06/22,0.989,1.004,0.982,0.999,46904076
 2021/06/23,0.999,1.023,0.999,1.013,90822256
 2021/06/24,1.04,1.056,1.016,1.044,94930720
 2021/06/25,1.062,1.068,1.045,1.051,79908376
 2021/06/28,1.052,1.073,1.052,1.067,69999904
 2021/06/29,1.073,1.103,1.073,1.096,81368568
 2021/06/30,1.096,1.113,1.077,1.111,73844600
 2021/07/01,1.115,1.12,1.079,1.08,84523360
 2021/07/02,1.064,1.088,1.061,1.065,58763712
 2021/07/05,1.065,1.087,1.062,1.081,62174192
 2021/07/06,1.082,1.086,1.04,1.061,65615504
 2021/07/07,1.05,1.125,1.042,1.117,109013152
 2021/07/08,1.118,1.146,1.118,1.129,79607584
 2021/07/09,1.119,1.145,1.094,1.139,79413656
 2021/07/12,1.146,1.174,1.133,1.153,73798192
 2021/07/13,1.153,1.184,1.149,1.17,69648464
 2021/07/14,1.168,1.178,1.134,1.142,76294792
 2021/07/15,1.136,1.199,1.135,1.195,92048400
 2021/07/16,1.197,1.217,1.173,1.178,78437240
 2021/07/19,1.177,1.208,1.171,1.175,69063032
 2021/07/20,1.157,1.185,1.156,1.18,52017132
 2021/07/21,1.185,1.248,1.185,1.239,96841384
 2021/07/22,1.246,1.271,1.234,1.27,72351888
 2021/07/23,1.271,1.304,1.264,1.282,97756032
 2021/07/26,1.278,1.296,1.227,1.271,116575296
 2021/07/27,1.271,1.299,1.193,1.195,129961920
 2021/07/28,1.162,1.209,1.132,1.188,95507144
 2021/07/29,1.216,1.303,1.215,1.302,132636056
 2021/07/30,1.3,1.373,1.291,1.335,138105200
 2021/08/02,1.335,1.375,1.307,1.35,116910152
 2021/08/03,1.343,1.343,1.27,1.282,134350816
 2021/08/04,1.266,1.382,1.266,1.382,168019968
 2021/08/05,1.37,1.398,1.35,1.393,115702880
 2021/08/06,1.393,1.427,1.378,1.408,111986664
 2021/08/09,1.404,1.404,1.337,1.383,106734520
 2021/08/10,1.375,1.43,1.352,1.388,123482256
 2021/08/11,1.39,1.396,1.358,1.383,87953824
 2021/08/12,1.374,1.383,1.354,1.374,72288696
 2021/08/13,1.36,1.393,1.342,1.357,82165824
 2021/08/16,1.338,1.362,1.325,1.331,76457960
 2021/08/17,1.33,1.357,1.306,1.318,78375784
 2021/08/18,1.311,1.335,1.282,1.298,87794920
 2021/08/19,1.29,1.343,1.28,1.325,90475192
 2021/08/20,1.32,1.348,1.304,1.335,69555216
 2021/08/23,1.35,1.383,1.329,1.376,80989504
 2021/08/24,1.39,1.425,1.369,1.399,91524832
 2021/08/25,1.399,1.466,1.391,1.463,99770272
 2021/08/26,1.463,1.491,1.453,1.454,80750832
 2021/08/27,1.445,1.499,1.441,1.49,71723240
 2021/08/30,1.505,1.598,1.491,1.576,97428056
 2021/08/31,1.576,1.576,1.532,1.556,137859776
 2021/09/01,1.565,1.57,1.433,1.467,131222328
 2021/09/02,1.453,1.551,1.453,1.548,112597216
 2021/09/03,1.56,1.588,1.482,1.498,121760808
 2021/09/06,1.48,1.497,1.413,1.475,121213936
 2021/09/07,1.469,1.506,1.453,1.504,88664472
 2021/09/08,1.507,1.526,1.443,1.452,124804808
 2021/09/09,1.45,1.458,1.416,1.454,95628928
 2021/09/10,1.451,1.482,1.43,1.477,108565696
 2021/09/13,1.47,1.474,1.416,1.432,120764104
 2021/09/14,1.43,1.449,1.401,1.435,97076880
 2021/09/15,1.45,1.472,1.427,1.464,118201408
 2021/09/16,1.466,1.47,1.38,1.382,161590112
 2021/09/17,1.37,1.393,1.324,1.363,105739720
 2021/09/22,1.345,1.394,1.338,1.381,86913208
 2021/09/23,1.395,1.409,1.382,1.387,104132832
 2021/09/24,1.384,1.44,1.359,1.415,114545304
 2021/09/27,1.427,1.439,1.36,1.408,102232112
 2021/09/28,1.4,1.42,1.378,1.389,72982224
 2021/09/29,1.363,1.407,1.36,1.376,74371608
 2021/09/30,1.376,1.405,1.368,1.405,69457696
 2021/10/08,1.417,1.422,1.352,1.365,94760008
 2021/10/11,1.371,1.375,1.332,1.347,81890208
 2021/10/12,1.343,1.351,1.303,1.328,73579112
 2021/10/13,1.328,1.389,1.323,1.383,118756008
 2021/10/14,1.378,1.437,1.378,1.418,141315728
 2021/10/15,1.412,1.453,1.402,1.44,93983704
 2021/10/18,1.451,1.476,1.446,1.474,98921128
 2021/10/19,1.475,1.482,1.456,1.47,86220808
 2021/10/20,1.469,1.522,1.463,1.505,105860416
 2021/10/21,1.496,1.496,1.464,1.472,90250896
 2021/10/22,1.472,1.479,1.446,1.451,79224600
 2021/10/25,1.455,1.527,1.453,1.515,136323840
 2021/10/26,1.521,1.529,1.497,1.502,88087608
 2021/10/27,1.505,1.542,1.504,1.536,106056264
 2021/10/28,1.536,1.547,1.501,1.517,96772616
 2021/10/29,1.502,1.564,1.467,1.56,130132160
 2021/11/01,1.552,1.58,1.515,1.545,128087416
 2021/11/02,1.531,1.539,1.493,1.51,133054280
 2021/11/03,1.5,1.515,1.46,1.48,115518512
 2021/11/04,1.485,1.526,1.485,1.51,125800512
 2021/11/05,1.5,1.506,1.469,1.474,96921104
 2021/11/08,1.458,1.492,1.455,1.483,81856704
 2021/11/09,1.508,1.533,1.49,1.499,101828704
 2021/11/10,1.491,1.499,1.457,1.484,100421288
 2021/11/11,1.49,1.51,1.476,1.489,88463408
 2021/11/12,1.499,1.523,1.498,1.515,112157200
 2021/11/15,1.516,1.516,1.456,1.464,134298304
 2021/11/16,1.453,1.469,1.434,1.44,98893704
 2021/11/17,1.441,1.48,1.436,1.476,103346904
 2021/11/18,1.478,1.478,1.451,1.461,73394672
 2021/11/19,1.462,1.497,1.451,1.486,106343304
 2021/11/22,1.488,1.52,1.488,1.517,111373120
 2021/11/23,1.514,1.532,1.502,1.509,91528688
 2021/11/24,1.508,1.508,1.465,1.468,143293808
 2021/11/25,1.467,1.467,1.442,1.445,112940904
 2021/11/26,1.443,1.46,1.44,1.452,76990672
 2021/11/29,1.435,1.476,1.43,1.469,106486840
 2021/11/30,1.473,1.481,1.456,1.469,61926876
 2021/12/01,1.467,1.478,1.446,1.457,71184744
 2021/12/02,1.449,1.451,1.43,1.436,107627008
 2021/12/03,1.432,1.436,1.41,1.436,94463656
 2021/12/06,1.438,1.456,1.426,1.429,81058792
 2021/12/07,1.433,1.439,1.4,1.429,84161104
 2021/12/08,1.429,1.453,1.422,1.448,94867104
 2021/12/09,1.447,1.449,1.43,1.443,72381800
 2021/12/10,1.435,1.475,1.428,1.467,121069760
 2021/12/13,1.48,1.497,1.467,1.482,105451664
 2021/12/14,1.473,1.489,1.467,1.472,73242064
 2021/12/15,1.465,1.492,1.465,1.48,74423416
 2021/12/16,1.485,1.495,1.477,1.495,74317304
 2021/12/17,1.489,1.489,1.445,1.446,79391504
 2021/12/20,1.439,1.44,1.375,1.382,112057912
 2021/12/21,1.375,1.387,1.355,1.386,82960120
 2021/12/22,1.387,1.393,1.374,1.384,53120300
 2021/12/23,1.385,1.413,1.372,1.405,63369504
 2021/12/24,1.406,1.409,1.354,1.357,76564424
 2021/12/27,1.35,1.374,1.323,1.343,60139400
 2021/12/28,1.346,1.37,1.332,1.368,61072504
 2021/12/29,1.368,1.389,1.356,1.374,68717600
 2021/12/30,1.375,1.391,1.367,1.374,66997404
 2021/12/31,1.395,1.437,1.395,1.424,115120904
 2022/01/04,1.425,1.43,1.355,1.362,119904504
 2022/01/05,1.368,1.37,1.303,1.312,110410304
 2022/01/06,1.301,1.317,1.282,1.311,89529776
 2022/01/07,1.308,1.318,1.275,1.284,79502504
 2022/01/10,1.28,1.281,1.256,1.262,71901304
 2022/01/11,1.263,1.272,1.237,1.245,90205704
 2022/01/12,1.25,1.284,1.25,1.283,82057224
 2022/01/13,1.282,1.289,1.255,1.263,69943832
 2022/01/14,1.258,1.289,1.25,1.275,61789604
 2022/01/17,1.276,1.312,1.276,1.293,64576768
 2022/01/18,1.286,1.3,1.277,1.29,57450504
 2022/01/19,1.28,1.285,1.258,1.265,57313504
 2022/01/20,1.265,1.269,1.246,1.252,64601200
 2022/01/21,1.252,1.271,1.24,1.25,70297104
 2022/01/24,1.25,1.296,1.237,1.288,104611280
 2022/01/25,1.28,1.292,1.254,1.254,75793104
 2022/01/26,1.255,1.283,1.255,1.283,76438912
 2022/01/27,1.274,1.283,1.231,1.235,93132520
 2022/01/28,1.245,1.25,1.192,1.214,92106416
 2022/02/07,1.232,1.254,1.231,1.234,70501696
 2022/02/08,1.234,1.238,1.17,1.195,97225104
 2022/02/09,1.195,1.2,1.171,1.199,67117704
 2022/02/10,1.2,1.204,1.155,1.166,96428792
 2022/02/11,1.153,1.162,1.126,1.13,78312864
 2022/02/14,1.128,1.142,1.106,1.125,61982200
 2022/02/15,1.126,1.168,1.124,1.168,104907008
 2022/02/16,1.174,1.179,1.159,1.166,86967104
 2022/02/17,1.16,1.209,1.16,1.198,113639520
 2022/02/18,1.184,1.198,1.182,1.19,62532100
 2022/02/21,1.186,1.196,1.175,1.191,53305000
 2022/02/22,1.178,1.222,1.173,1.209,71300704
 2022/02/23,1.215,1.254,1.215,1.253,85308544
 2022/02/24,1.24,1.293,1.236,1.261,112708600
 2022/02/25,1.287,1.299,1.265,1.281,75575248
 2022/02/28,1.281,1.315,1.273,1.313,91026560
 2022/03/01,1.34,1.36,1.311,1.322,82774104
 2022/03/02,1.321,1.33,1.289,1.329,63415656
 2022/03/03,1.334,1.337,1.3,1.302,62988500
 2022/03/04,1.289,1.318,1.284,1.294,60308600
 2022/03/07,1.279,1.297,1.258,1.267,97021504
 2022/03/08,1.267,1.302,1.257,1.266,96538600
 2022/03/09,1.281,1.299,1.206,1.27,116986008
 2022/03/10,1.305,1.334,1.295,1.316,121238200
 2022/03/11,1.292,1.308,1.263,1.305,111700976
 2022/03/14,1.295,1.306,1.265,1.266,87273104
 2022/03/15,1.242,1.284,1.23,1.234,91898600
 2022/03/16,1.261,1.28,1.199,1.277,158872192
 2022/03/17,1.29,1.3,1.266,1.269,125293696
 2022/03/18,1.251,1.264,1.243,1.26,72870400
 2022/03/21,1.258,1.284,1.253,1.268,83135504
 2022/03/22,1.263,1.271,1.234,1.24,92346600
 2022/03/23,1.25,1.269,1.242,1.25,97821904
 2022/03/24,1.24,1.242,1.213,1.227,101489504
 2022/03/25,1.227,1.232,1.186,1.189,112124248
 2022/03/28,1.183,1.198,1.174,1.185,81376608
 2022/03/29,1.19,1.204,1.168,1.18,82211712
 2022/03/30,1.189,1.214,1.176,1.213,97547904
 2022/03/31,1.205,1.205,1.17,1.172,106100408
 2022/04/01,1.164,1.192,1.155,1.171,79180600
 2022/04/06,1.165,1.166,1.126,1.134,112059560
 2022/04/07,1.118,1.135,1.114,1.117,95965400
 2022/04/08,1.115,1.127,1.095,1.11,86265104
 2022/04/11,1.104,1.104,1.054,1.058,93026304
 2022/04/12,1.056,1.068,1.038,1.066,90956800
 2022/04/13,1.06,1.071,1.047,1.051,87020704
 2022/04/14,1.063,1.065,1.03,1.039,92423304
 2022/04/15,1.026,1.041,1.014,1.032,92088896
 2022/04/18,1.021,1.075,1.017,1.074,118017256
 2022/04/19,1.075,1.1,1.073,1.078,79276752
 2022/04/20,1.06,1.063,1.032,1.034,89057712
 2022/04/21,1.021,1.033,0.975,0.98,103833800
 2022/04/22,0.97,0.982,0.961,0.964,75104400
 2022/04/25,0.936,0.949,0.897,0.897,100463936
 2022/04/26,0.898,0.918,0.881,0.882,95933504
 2022/04/27,0.866,0.958,0.866,0.958,141465216
 2022/04/28,0.94,0.986,0.935,0.966,148611104
 2022/04/29,0.971,1.011,0.964,1.005,110598896
 2022/05/05,1.007,1.032,1.002,1.013,100747304
 2022/05/06,0.985,1.012,0.983,0.993,93835800
 2022/05/09,0.986,1.023,0.986,1.01,71178504
 2022/05/10,0.99,1.057,0.988,1.041,116045200
 2022/05/11,1.044,1.096,1.042,1.069,118778896
 2022/05/12,1.067,1.072,1.052,1.062,99524000
 2022/05/13,1.07,1.075,1.057,1.067,76796496
 2022/05/16,1.07,1.09,1.051,1.051,72679408
 2022/05/17,1.05,1.092,1.05,1.089,101923000
 2022/05/18,1.09,1.116,1.082,1.105,99299104
 2022/05/19,1.09,1.175,1.09,1.169,159476080
 2022/05/20,1.169,1.182,1.154,1.182,114151936
 2022/05/23,1.183,1.185,1.151,1.175,113149112
 2022/05/24,1.174,1.184,1.133,1.136,118768904
 2022/05/25,1.132,1.149,1.125,1.149,119213608
 2022/05/26,1.151,1.163,1.127,1.146,108203312
 2022/05/27,1.156,1.165,1.13,1.141,98279600
 2022/05/30,1.142,1.144,1.125,1.143,91633104
 2022/05/31,1.159,1.182,1.143,1.18,139389440
 2022/06/01,1.176,1.18,1.161,1.169,106391288
 2022/06/02,1.166,1.199,1.161,1.199,122680208
 2022/06/06,1.201,1.272,1.198,1.253,150414752
 2022/06/07,1.277,1.296,1.254,1.261,152920800
 2022/06/08,1.251,1.269,1.228,1.26,151612608
 2022/06/09,1.255,1.278,1.238,1.252,119449080
 2022/06/10,1.237,1.288,1.232,1.283,183066896
 2022/06/13,1.272,1.303,1.27,1.291,168722800
 2022/06/14,1.272,1.275,1.224,1.271,168963888
 2022/06/15,1.265,1.288,1.24,1.253,158918880
 2022/06/16,1.252,1.298,1.251,1.283,140526736
 2022/06/17,1.274,1.319,1.271,1.314,184131104
 2022/06/20,1.325,1.347,1.307,1.328,167661232
 2022/06/21,1.329,1.347,1.295,1.316,150695504
 2022/06/22,1.316,1.362,1.311,1.331,185303296
 2022/06/23,1.335,1.359,1.314,1.359,127206216
 2022/06/24,1.361,1.398,1.361,1.397,141491712
 2022/06/27,1.409,1.416,1.383,1.396,120478848
 2022/06/28,1.398,1.433,1.377,1.429,190000256
 2022/06/29,1.42,1.43,1.358,1.363,147253296
 2022/06/30,1.362,1.428,1.362,1.417,161506592
 2022/07/01,1.42,1.434,1.389,1.398,125619032
 2022/07/04,1.378,1.426,1.367,1.423,135967184
 2022/07/05,1.424,1.446,1.417,1.442,127317464
 2022/07/06,1.434,1.451,1.418,1.431,105088104
 2022/07/07,1.43,1.483,1.41,1.48,160745952
 2022/07/08,1.489,1.499,1.436,1.438,134443840
 2022/07/11,1.422,1.436,1.389,1.411,125069904
 2022/07/12,1.411,1.442,1.394,1.399,121044624
 2022/07/13,1.397,1.442,1.38,1.429,156186112
 2022/07/14,1.426,1.496,1.419,1.481,152180304
 2022/07/15,1.47,1.495,1.465,1.468,118855424
 2022/07/18,1.465,1.479,1.434,1.47,112874512
 2022/07/19,1.469,1.469,1.427,1.435,170297808
 2022/07/20,1.435,1.453,1.427,1.446,102596800
 2022/07/21,1.445,1.458,1.428,1.433,104705712
 2022/07/22,1.432,1.466,1.427,1.445,108079104
 2022/07/25,1.442,1.445,1.398,1.402,113645536
 2022/07/26,1.398,1.44,1.391,1.426,111552336
 2022/07/27,1.426,1.474,1.421,1.474,134273376
 2022/07/28,1.483,1.499,1.46,1.47,106581000
 2022/07/29,1.471,1.501,1.466,1.473,131602656
 2022/08/01,1.464,1.483,1.434,1.479,88427840
 2022/08/02,1.453,1.475,1.434,1.45,143809232
 2022/08/03,1.453,1.476,1.393,1.406,121039800
 2022/08/04,1.406,1.419,1.377,1.402,116664856
 2022/08/05,1.405,1.411,1.38,1.402,100554672
 2022/08/08,1.402,1.421,1.372,1.419,97869104
 2022/08/09,1.417,1.486,1.411,1.465,141740768
 2022/08/10,1.456,1.483,1.447,1.473,100099080
 2022/08/11,1.475,1.485,1.444,1.476,100480360
 2022/08/12,1.473,1.477,1.448,1.45,89294912
 2022/08/15,1.446,1.512,1.442,1.507,136700480
 2022/08/16,1.509,1.548,1.502,1.53,120452296
 2022/08/17,1.53,1.566,1.525,1.531,118969904
 2022/08/18,1.532,1.572,1.523,1.566,117076712
 2022/08/19,1.566,1.572,1.51,1.526,130838704
 2022/08/22,1.51,1.525,1.489,1.518,108040272
 2022/08/23,1.51,1.558,1.508,1.538,105815768
 2022/08/24,1.536,1.541,1.488,1.49,107729760
 2022/08/25,1.492,1.503,1.439,1.456,145783344
 2022/08/26,1.46,1.48,1.432,1.438,100545392
 2022/08/29,1.409,1.468,1.392,1.463,98923000
 2022/08/30,1.463,1.473,1.436,1.44,85848824
 2022/08/31,1.428,1.442,1.344,1.352,184203664
 2022/09/01,1.344,1.362,1.338,1.347,90896472
 2022/09/02,1.346,1.353,1.308,1.33,96804680
 2022/09/05,1.323,1.367,1.321,1.351,102045312
 2022/09/06,1.354,1.415,1.334,1.415,156326688
 2022/09/07,1.404,1.456,1.402,1.432,107752032
 2022/09/08,1.433,1.452,1.424,1.425,76915640
 2022/09/09,1.422,1.427,1.388,1.407,90865248
 2022/09/13,1.409,1.414,1.379,1.399,83113840
 2022/09/14,1.378,1.405,1.351,1.377,92398400
 2022/09/15,1.383,1.385,1.27,1.286,192666496
 2022/09/16,1.278,1.306,1.271,1.271,112968048
 2022/09/19,1.269,1.285,1.245,1.257,91521744
 2022/09/20,1.266,1.316,1.266,1.295,122147400
 2022/09/21,1.292,1.305,1.269,1.282,102677544
 2022/09/22,1.267,1.308,1.252,1.29,101241280
 2022/09/23,1.283,1.31,1.261,1.276,98940584
 2022/09/26,1.257,1.315,1.256,1.291,113684704
 2022/09/27,1.292,1.312,1.282,1.302,82138176
 2022/09/28,1.3,1.316,1.254,1.254,95186096
 2022/09/29,1.27,1.281,1.242,1.274,95026048
 2022/09/30,1.269,1.279,1.235,1.237,84253992
 2022/10/10,1.239,1.258,1.205,1.212,77254016
 2022/10/11,1.209,1.239,1.209,1.229,73580696
 2022/10/12,1.226,1.277,1.191,1.276,103974176
 2022/10/13,1.266,1.3,1.261,1.269,95267624
 2022/10/14,1.286,1.346,1.267,1.33,135467632
 2022/10/17,1.304,1.317,1.281,1.308,128840600
 2022/10/18,1.313,1.334,1.302,1.313,98600608
 2022/10/19,1.308,1.329,1.293,1.296,96102872
 2022/10/20,1.283,1.286,1.245,1.263,106075800
 2022/10/21,1.26,1.28,1.252,1.259,82333864
 2022/10/24,1.26,1.274,1.231,1.243,95530952
 2022/10/25,1.244,1.293,1.227,1.279,113212200
 2022/10/26,1.283,1.314,1.267,1.307,123947024
 2022/10/27,1.326,1.358,1.303,1.303,127151616
 2022/10/28,1.288,1.305,1.254,1.258,113735800
 2022/10/31,1.242,1.268,1.232,1.239,106533872
 2022/11/01,1.244,1.289,1.243,1.289,116642672
 2022/11/02,1.285,1.316,1.276,1.309,113194504
 2022/11/03,1.295,1.341,1.295,1.321,109719984
 2022/11/04,1.327,1.383,1.322,1.381,162781408
 2022/11/07,1.381,1.4,1.36,1.367,84026104
 2022/11/08,1.368,1.371,1.333,1.349,88863272
 2022/11/09,1.35,1.35,1.321,1.325,89744008
 2022/11/10,1.314,1.321,1.285,1.293,119297800
 2022/11/11,1.331,1.335,1.291,1.3,151891696
 2022/11/14,1.297,1.3,1.247,1.255,210446592
 2022/11/15,1.256,1.283,1.255,1.282,146225568
 2022/11/16,1.282,1.285,1.256,1.259,178635312
 2022/11/17,1.252,1.254,1.227,1.241,147294416
 2022/11/18,1.242,1.264,1.222,1.248,133274416
 2022/11/21,1.244,1.258,1.234,1.252,117194728
 2022/11/22,1.245,1.247,1.214,1.217,182038592
 2022/11/23,1.218,1.264,1.211,1.26,194087984
 2022/11/24,1.26,1.27,1.252,1.254,121806200
 2022/11/25,1.246,1.247,1.221,1.223,119413488
 2022/11/28,1.2,1.218,1.193,1.214,86184000
 2022/11/29,1.214,1.225,1.206,1.215,126166896
 2022/11/30,1.211,1.227,1.207,1.213,113525600
 2022/12/01,1.226,1.241,1.221,1.232,153175264
 2022/12/02,1.225,1.26,1.224,1.243,133129512
 2022/12/05,1.235,1.238,1.202,1.211,224055504
 2022/12/06,1.209,1.213,1.186,1.199,169756304
 2022/12/07,1.193,1.215,1.19,1.2,120565928
 2022/12/08,1.198,1.229,1.193,1.209,164260272
 2022/12/09,1.207,1.208,1.194,1.201,112301696
 2022/12/12,1.195,1.195,1.175,1.184,102078272
 2022/12/13,1.178,1.186,1.15,1.153,189236496
 2022/12/14,1.152,1.159,1.137,1.142,101229832
 2022/12/15,1.14,1.159,1.136,1.158,127363504
 2022/12/16,1.153,1.154,1.127,1.128,120885832
 2022/12/19,1.128,1.147,1.121,1.123,116290800
 2022/12/20,1.123,1.133,1.114,1.125,102779296
 2022/12/21,1.126,1.127,1.093,1.098,125862312
 2022/12/22,1.097,1.103,1.065,1.068,118457296
 2022/12/23,1.058,1.069,1.042,1.048,108543696
 2022/12/26,1.048,1.117,1.045,1.117,235429408
 2022/12/27,1.117,1.146,1.111,1.141,178796992
 2022/12/28,1.133,1.16,1.13,1.15,161060656
 2022/12/29,1.144,1.16,1.141,1.144,110841600
 2022/12/30,1.145,1.162,1.139,1.152,88649288
 2023/01/03,1.153,1.175,1.135,1.172,173199920
 2023/01/04,1.17,1.17,1.136,1.144,113764400
 2023/01/05,1.142,1.169,1.141,1.162,153535904
 2023/01/06,1.164,1.24,1.164,1.222,328550208
 2023/01/09,1.229,1.241,1.21,1.224,115195208
 2023/01/10,1.229,1.248,1.225,1.227,86622896
 2023/01/11,1.223,1.234,1.212,1.214,87327944
 2023/01/12,1.214,1.232,1.212,1.216,74317120
 2023/01/13,1.223,1.225,1.201,1.21,83458496
 2023/01/16,1.211,1.242,1.201,1.225,187203648
 2023/01/17,1.228,1.24,1.222,1.232,83545992
 2023/01/18,1.239,1.244,1.225,1.234,124794704
 2023/01/19,1.231,1.232,1.219,1.227,76024792
 2023/01/20,1.234,1.257,1.233,1.257,123358200
 2023/01/30,1.269,1.281,1.262,1.264,111901008
 2023/01/31,1.262,1.281,1.259,1.279,117899456
 2023/02/01,1.279,1.282,1.248,1.268,179812192
 2023/02/02,1.269,1.271,1.254,1.258,138272896
 2023/02/03,1.253,1.253,1.22,1.232,160624656
 2023/02/06,1.225,1.236,1.219,1.227,95183624
 2023/02/07,1.229,1.239,1.218,1.226,94268448
 2023/02/08,1.225,1.235,1.22,1.221,82367000
 2023/02/09,1.216,1.244,1.209,1.238,165072672
 2023/02/10,1.234,1.235,1.213,1.22,96927768
 2023/02/13,1.22,1.229,1.213,1.222,71719504
 2023/02/14,1.225,1.227,1.21,1.22,92208312
 2023/02/15,1.22,1.234,1.211,1.212,100374400
 2023/02/16,1.212,1.223,1.182,1.192,138438800
 2023/02/17,1.186,1.197,1.166,1.166,107931000
 2023/02/20,1.168,1.192,1.158,1.192,111611872
 2023/02/21,1.189,1.215,1.184,1.206,126404520
 2023/02/22,1.198,1.217,1.192,1.196,99436704
 2023/02/23,1.198,1.232,1.197,1.225,190363600
 2023/02/24,1.227,1.227,1.203,1.206,105449296
 2023/02/27,1.203,1.233,1.193,1.211,114219392
 2023/02/28,1.211,1.212,1.196,1.211,84615000
 2023/03/01,1.21,1.21,1.193,1.197,126198920
 2023/03/02,1.201,1.203,1.174,1.175,149156208
 2023/03/03,1.175,1.186,1.172,1.176,88572200
 2023/03/06,1.178,1.22,1.168,1.215,216685312
 2023/03/07,1.21,1.218,1.201,1.202,125496200
 2023/03/08,1.2,1.221,1.184,1.189,120088304
 2023/03/09,1.19,1.197,1.18,1.183,82524248
 2023/03/10,1.179,1.182,1.162,1.17,91873504
 2023/03/13,1.168,1.184,1.164,1.168,94336200
 2023/03/14,1.169,1.169,1.122,1.146,184479600
 2023/03/15,1.147,1.172,1.144,1.147,100246896
 2023/03/16,1.14,1.14,1.091,1.094,201263504
 2023/03/17,1.097,1.105,1.081,1.086,140714000
 2023/03/20,1.084,1.111,1.067,1.097,158000608
 2023/03/21,1.099,1.107,1.083,1.103,136898496
 2023/03/22,1.112,1.119,1.096,1.102,124022400
 2023/03/23,1.095,1.103,1.09,1.095,169329904
 2023/03/24,1.095,1.112,1.078,1.102,157296304
 2023/03/27,1.101,1.125,1.093,1.124,197379296
 2023/03/28,1.121,1.125,1.106,1.108,118855904
 2023/03/29,1.116,1.123,1.103,1.109,129607104
 2023/03/30,1.109,1.123,1.097,1.123,183984800
 2023/03/31,1.126,1.141,1.12,1.124,145029104
 2023/04/03,1.12,1.145,1.118,1.137,159932096
 2023/04/04,1.138,1.139,1.1,1.109,263302800
 2023/04/06,1.104,1.119,1.1,1.118,249424096
 2023/04/07,1.116,1.126,1.111,1.115,154093648
 2023/04/10,1.12,1.131,1.111,1.131,221183888
 2023/04/11,1.132,1.134,1.119,1.126,154784704
 2023/04/12,1.124,1.129,1.1,1.105,269020192
 2023/04/13,1.109,1.115,1.097,1.098,162455808
 2023/04/14,1.097,1.108,1.086,1.103,212247296
 2023/04/17,1.104,1.12,1.102,1.11,168053600
 2023/04/18,1.111,1.13,1.107,1.123,242214176
 2023/04/19,1.122,1.122,1.106,1.106,175745408
 2023/04/20,1.105,1.105,1.081,1.084,177724400
 2023/04/21,1.084,1.1,1.073,1.075,158627584
 2023/04/24,1.075,1.075,1.04,1.048,173740512
 2023/04/25,1.052,1.063,1.016,1.019,168917200
 2023/04/26,1.017,1.1,1.013,1.089,372412384
 2023/04/27,1.09,1.091,1.064,1.076,214372656
 2023/04/28,1.076,1.084,1.059,1.066,213416928
 2023/05/04,1.057,1.085,1.052,1.064,195022960
 2023/05/05,1.053,1.058,1.027,1.039,207536928
 2023/05/08,1.04,1.054,1.03,1.044,133520320
 2023/05/09,1.044,1.045,1.024,1.025,150300896
 2023/05/10,1.024,1.044,1.012,1.036,170797888
 2023/05/11,1.034,1.053,1.027,1.035,162470304
 2023/05/12,1.031,1.038,1.013,1.015,163952432
 2023/05/15,1.015,1.051,1.014,1.049,222282192
 2023/05/16,1.05,1.069,1.046,1.054,167830592
 2023/05/17,1.062,1.067,1.046,1.055,125697192
 2023/05/18,1.057,1.057,1.033,1.039,158653008
 2023/05/19,1.033,1.04,1.028,1.037,103807992
 2023/05/22,1.036,1.047,1.031,1.043,142201968
 2023/05/23,1.041,1.059,1.036,1.038,203248304
 2023/05/24,1.036,1.074,1.031,1.062,269887168
 2023/05/25,1.06,1.093,1.052,1.08,271076032
 2023/05/26,1.074,1.074,1.042,1.053,241625904
 2023/05/29,1.048,1.049,1.013,1.016,280726592
 2023/05/30,1.012,1.023,0.994,1.004,213326800
 2023/05/31,1,1.006,0.988,0.99,155864000
 2023/06/01,0.989,1.001,0.98,0.982,194016704
 2023/06/02,0.983,0.996,0.98,0.991,159143200
 2023/06/05,0.99,0.99,0.967,0.968,170216704
 2023/06/06,0.968,0.971,0.949,0.963,169376032
 2023/06/07,0.96,0.963,0.943,0.947,176589408
 2023/06/08,0.946,0.964,0.946,0.948,159165680
 2023/06/09,0.948,0.958,0.938,0.958,148299264
 2023/06/12,0.952,0.975,0.947,0.969,168041904
 2023/06/13,0.962,0.975,0.959,0.967,138958400
 2023/06/14,0.967,0.97,0.953,0.955,175403504
 2023/06/15,0.954,1.007,0.951,1.005,377323712
 2023/06/16,1.008,1.025,1.005,1.023,261493168
 2023/06/19,1.023,1.026,1.01,1.019,150104704
 2023/06/20,1.017,1.032,1.012,1.022,167078112
 2023/06/21,1.018,1.036,1.009,1.009,157914704
 2023/06/26,1,1.037,0.995,1.022,174965696
 2023/06/27,1.021,1.046,1.017,1.028,167215504
 2023/06/28,1.026,1.041,1.021,1.037,156472496
 2023/06/29,1.034,1.058,1.032,1.036,157678336
 2023/06/30,1.03,1.053,1.024,1.046,153653808
 2023/07/03,1.052,1.065,1.045,1.048,156286592
 2023/07/04,1.046,1.053,1.032,1.036,134504992
 2023/07/05,1.038,1.04,1.02,1.022,134864400
 2023/07/06,1.018,1.027,1.014,1.019,133474096
 2023/07/07,1.015,1.017,1.001,1.001,142719312
 2023/07/10,1.006,1.041,1,1.032,223161600
 2023/07/11,1.032,1.036,1.015,1.025,148550096
 2023/07/12,1.025,1.045,1.008,1.035,217081104
 2023/07/13,1.034,1.054,1.032,1.04,161256800
 2023/07/14,1.039,1.04,1.02,1.022,146335696
 2023/07/17,1.02,1.026,1.011,1.017,102302800
 2023/07/18,1.016,1.019,1.003,1.008,142793104
 2023/07/19,1.006,1.008,0.99,0.993,150278096
 2023/07/20,0.994,1.003,0.988,0.989,126683304
 2023/07/21,0.987,0.988,0.974,0.977,130523200
 2023/07/24,0.971,0.982,0.966,0.968,121855696
 2023/07/25,0.975,0.988,0.974,0.985,135008784
 2023/07/26,0.984,0.995,0.98,0.986,142792688
 2023/07/27,0.988,0.992,0.972,0.975,125973696
 2023/07/28,0.973,0.986,0.963,0.986,164614400
 2023/07/31,0.99,1,0.985,0.992,161444464
 2023/08/01,0.991,0.991,0.97,0.977,185941056
 2023/08/02,0.974,0.979,0.969,0.971,118385696
 2023/08/03,0.972,0.994,0.972,0.988,194307600
 2023/08/04,0.991,0.997,0.984,0.994,160664816
 2023/08/07,0.996,0.996,0.981,0.984,109560600
 2023/08/08,0.992,0.995,0.974,0.976,139857104
 2023/08/09,0.97,0.977,0.968,0.972,98336400
 2023/08/10,0.972,0.986,0.972,0.982,133095504
 2023/08/11,0.981,0.981,0.96,0.962,140211104
 2023/08/14,0.951,0.955,0.939,0.953,152687904
 2023/08/15,0.952,0.953,0.923,0.93,171575360
 2023/08/16,0.921,0.934,0.914,0.914,153424400
 2023/08/17,0.912,0.917,0.901,0.916,129785000
 2023/08/18,0.914,0.926,0.908,0.909,123108800
 2023/08/21,0.906,0.907,0.883,0.884,151936192
 2023/08/22,0.885,0.892,0.857,0.874,168775152
 2023/08/23,0.87,0.871,0.847,0.848,149637216
 2023/08/24,0.85,0.878,0.849,0.869,208202096
 2023/08/25,0.862,0.874,0.857,0.862,134798800
 2023/08/28,0.913,0.92,0.87,0.874,193077904
 2023/08/29,0.873,0.895,0.87,0.894,157326832
 2023/08/30,0.892,0.908,0.891,0.896,134725792
 2023/08/31,0.894,0.895,0.883,0.884,118300768
 2023/09/01,0.884,0.89,0.881,0.883,70922896
 2023/09/04,0.886,0.892,0.875,0.889,110965264
 2023/09/05,0.886,0.904,0.879,0.897,163798800
 2023/09/06,0.892,0.896,0.881,0.886,126601216
 2023/09/07,0.883,0.884,0.861,0.861,132399104
 2023/09/08,0.856,0.861,0.847,0.848,133177296
 2023/09/11,0.849,0.862,0.844,0.857,122283296
 2023/09/12,0.856,0.865,0.851,0.859,109493312
 2023/09/13,0.856,0.861,0.844,0.848,118913296
 2023/09/14,0.846,0.849,0.837,0.838,113912200
 2023/09/15,0.84,0.845,0.831,0.833,121130600
 2023/09/18,0.83,0.847,0.824,0.84,133131832
 2023/09/19,0.837,0.838,0.824,0.826,112727824
 2023/09/20,0.826,0.827,0.818,0.82,100099824
 2023/09/21,0.817,0.819,0.809,0.809,118121000
 2023/09/22,0.806,0.823,0.806,0.822,136797504
 2023/09/25,0.818,0.828,0.812,0.823,151170800
 2023/09/26,0.82,0.828,0.818,0.82,125285904
 2023/09/27,0.82,0.855,0.82,0.849,252678704
 2023/09/28,0.847,0.854,0.845,0.851,97239296
 2023/10/09,0.85,0.85,0.838,0.844,87933504
 2023/10/10,0.848,0.849,0.834,0.835,85308504
 2023/10/11,0.839,0.849,0.831,0.835,168688800
 2023/10/12,0.838,0.85,0.833,0.847,160207200
 2023/10/13,0.838,0.84,0.825,0.831,122196480
 2023/10/16,0.83,0.833,0.81,0.811,127546496
 2023/10/17,0.812,0.819,0.807,0.815,98446496
 2023/10/18,0.813,0.813,0.8,0.8,107061936
 2023/10/19,0.797,0.803,0.79,0.796,138490544
 2023/10/20,0.79,0.806,0.788,0.798,145970304
 2023/10/23,0.797,0.798,0.766,0.77,177782896
 2023/10/24,0.772,0.778,0.764,0.774,122376600
 2023/10/25,0.78,0.788,0.769,0.771,132875200
 2023/10/26,0.764,0.764,0.742,0.757,189548800
 2023/10/27,0.75,0.785,0.748,0.781,208133456
 2023/10/30,0.776,0.792,0.774,0.791,155263456
 2023/10/31,0.785,0.789,0.771,0.776,156883440
 2023/11/01,0.777,0.78,0.762,0.765,135870608
 2023/11/02,0.764,0.767,0.745,0.747,182911104
 2023/11/03,0.747,0.765,0.745,0.761,193712704
 2023/11/06,0.763,0.79,0.762,0.785,210746304
 2023/11/07,0.781,0.789,0.776,0.787,122014304
 2023/11/08,0.784,0.793,0.781,0.787,153742896
 2023/11/09,0.785,0.812,0.784,0.807,238422160
 2023/11/10,0.8,0.802,0.787,0.792,153363440
 2023/11/13,0.796,0.802,0.79,0.798,133985056
 2023/11/14,0.799,0.807,0.792,0.797,153219872
 2023/11/15,0.808,0.817,0.803,0.809,222685344
 2023/11/16,0.806,0.806,0.786,0.787,204487104
 2023/11/17,0.783,0.789,0.78,0.788,117364400
 2023/11/20,0.788,0.791,0.776,0.788,146006496
 2023/11/21,0.79,0.793,0.78,0.782,138799200
 2023/11/22,0.778,0.779,0.765,0.766,133828368
 2023/11/23,0.765,0.77,0.762,0.769,104025504
 2023/11/24,0.766,0.768,0.754,0.755,175476416
 2023/11/27,0.752,0.753,0.74,0.744,140536896
 2023/11/28,0.741,0.748,0.738,0.746,123064200
 2023/11/29,0.744,0.745,0.734,0.735,134565024
 2023/11/30,0.734,0.739,0.726,0.729,136345312
 2023/12/01,0.728,0.728,0.717,0.725,135651104
 2023/12/04,0.725,0.728,0.716,0.717,130097976
 2023/12/05,0.714,0.721,0.702,0.702,142247008
 2023/12/06,0.699,0.718,0.699,0.711,171588800
 2023/12/07,0.709,0.711,0.696,0.702,164920400
 2023/12/08,0.704,0.708,0.699,0.702,145961696
 2023/12/11,0.699,0.706,0.687,0.706,186465936
 2023/12/12,0.7,0.705,0.695,0.699,137311568
 2023/12/13,0.695,0.695,0.678,0.68,183221600
 2023/12/14,0.684,0.692,0.678,0.678,152315584
 2023/12/15,0.681,0.695,0.681,0.684,218392144
 2023/12/18,0.68,0.683,0.665,0.667,150051600
 2023/12/19,0.666,0.682,0.664,0.674,235291616
 2023/12/20,0.675,0.677,0.668,0.669,88551696
 2023/12/21,0.667,0.696,0.664,0.692,412505248
 2023/12/22,0.688,0.709,0.681,0.702,256983632
 2023/12/25,0.698,0.707,0.696,0.703,109163488
 2023/12/26,0.704,0.706,0.696,0.701,132039144
 2023/12/27,0.702,0.703,0.69,0.698,133590896
 2023/12/28,0.695,0.758,0.694,0.758,453484320
 2023/12/29,0.754,0.754,0.741,0.747,219562048
 2024/01/02,0.744,0.745,0.734,0.734,156016240
 2024/01/03,0.733,0.742,0.729,0.736,172882000
 2024/01/04,0.734,0.735,0.717,0.721,165651552
 2024/01/05,0.721,0.732,0.704,0.709,176942304
 2024/01/08,0.705,0.721,0.704,0.706,198231360
 2024/01/09,0.706,0.736,0.696,0.72,295088896
 2024/01/10,0.713,0.743,0.71,0.728,317518752
 2024/01/11,0.726,0.742,0.723,0.739,306072384
 2024/01/12,0.737,0.76,0.731,0.742,384963872
 2024/01/15,0.735,0.745,0.731,0.734,189672352
 2024/01/16,0.731,0.75,0.725,0.747,285983232
 2024/01/17,0.742,0.743,0.722,0.722,215608592
 2024/01/18,0.715,0.757,0.715,0.757,469463008
 2024/01/19,0.755,0.758,0.734,0.735,381498656
 2024/01/22,0.729,0.736,0.707,0.714,335035360
 2024/01/23,0.711,0.741,0.706,0.728,353967392
 2024/01/24,0.728,0.733,0.697,0.719,330165760
 2024/01/25,0.715,0.725,0.7,0.725,396628640
 2024/01/26,0.719,0.729,0.71,0.712,243740656
 2024/01/29,0.705,0.707,0.668,0.669,418523648
 2024/01/30,0.658,0.672,0.652,0.653,307092896
 2024/01/31,0.647,0.661,0.636,0.638,309359200
 2024/02/01,0.638,0.661,0.635,0.648,290723712
 2024/02/02,0.645,0.649,0.603,0.623,276174592
 2024/02/05,0.614,0.622,0.58,0.605,337605184
 2024/02/06,0.596,0.643,0.596,0.642,297174208
 2024/02/07,0.642,0.665,0.642,0.659,231139136
 2024/02/08,0.663,0.678,0.66,0.671,183294480
 2024/02/19,0.675,0.679,0.666,0.673,139256992
 2024/02/20,0.672,0.672,0.658,0.669,113868328
 2024/02/21,0.665,0.69,0.66,0.678,167588704
 2024/02/22,0.674,0.694,0.672,0.683,126492464
 2024/02/23,0.687,0.7,0.685,0.693,215318368
 2024/02/26,0.694,0.697,0.682,0.688,171010768
 2024/02/27,0.683,0.7,0.682,0.7,162996320
 2024/02/28,0.704,0.727,0.686,0.687,271802688
 2024/02/29,0.683,0.71,0.681,0.71,191313248
 2024/03/01,0.711,0.721,0.702,0.72,173644496
 2024/03/04,0.72,0.732,0.717,0.725,181405152
 2024/03/05,0.72,0.72,0.71,0.716,111402368
 2024/03/06,0.712,0.748,0.71,0.733,241888864
 2024/03/07,0.734,0.735,0.715,0.716,158111184
 2024/03/08,0.717,0.742,0.717,0.741,227888752
 2024/03/11,0.753,0.772,0.749,0.771,301477408
 2024/03/12,0.773,0.778,0.761,0.766,206975296
 2024/03/13,0.759,0.765,0.756,0.759,156637920
 2024/03/14,0.757,0.761,0.742,0.748,223520400
 2024/03/15,0.742,0.749,0.732,0.745,138566000
 2024/03/18,0.747,0.757,0.743,0.757,165414496
 2024/03/19,0.757,0.764,0.745,0.745,132215504
 2024/03/20,0.742,0.756,0.741,0.746,114383840
 2024/03/21,0.745,0.748,0.733,0.734,154937808
 2024/03/22,0.732,0.734,0.715,0.716,157772400
 2024/03/25,0.713,0.724,0.709,0.709,124052496
 2024/03/26,0.709,0.721,0.703,0.718,178806496
 2024/03/27,0.715,0.716,0.695,0.696,153461472
 2024/03/28,0.699,0.71,0.696,0.701,122768600
 2024/03/29,0.7,0.708,0.696,0.703,95250704
 2024/04/01,0.707,0.73,0.705,0.73,191974496
 2024/04/02,0.729,0.73,0.719,0.726,110591008
 2024/04/03,0.722,0.725,0.715,0.721,106902704
 2024/04/08,0.719,0.719,0.7,0.701,107647696
 2024/04/09,0.701,0.708,0.698,0.707,98945104
 2024/04/10,0.707,0.708,0.688,0.693,121176800
 2024/04/11,0.689,0.699,0.683,0.691,98736608
 2024/04/12,0.69,0.693,0.673,0.675,112199000
 2024/04/15,0.675,0.69,0.673,0.683,116793296
 2024/04/16,0.683,0.683,0.663,0.664,98008000
 2024/04/17,0.668,0.681,0.667,0.681,101811296
 2024/04/18,0.679,0.684,0.67,0.677,93948704
 2024/04/19,0.674,0.674,0.655,0.66,103712368
 2024/04/22,0.663,0.674,0.657,0.662,114177504
 2024/04/23,0.664,0.671,0.651,0.653,117115296
 2024/04/24,0.653,0.655,0.641,0.648,143026592
 2024/04/25,0.646,0.653,0.637,0.646,112298496
 2024/04/26,0.644,0.662,0.642,0.661,150406608
 2024/04/29,0.661,0.689,0.659,0.684,288418112
 2024/04/30,0.679,0.68,0.666,0.669,146360704
 2024/05/06,0.675,0.683,0.674,0.678,118505296
 2024/05/07,0.679,0.681,0.669,0.679,122259104
 2024/05/08,0.677,0.677,0.667,0.668,106592896
 2024/05/09,0.669,0.693,0.669,0.684,180259200
 2024/05/10,0.685,0.686,0.672,0.682,122540600
 2024/05/13,0.676,0.688,0.669,0.682,115483056
 2024/05/14,0.68,0.684,0.673,0.675,96437400
 2024/05/15,0.677,0.685,0.667,0.668,102733696
 2024/05/16,0.668,0.674,0.663,0.665,149673104
 2024/05/17,0.662,0.666,0.653,0.666,121988704
 2024/05/20,0.663,0.672,0.663,0.666,138713408
 2024/05/21,0.665,0.666,0.655,0.656,104633904
 2024/05/22,0.662,0.703,0.661,0.698,711791936
 2024/05/23,0.695,0.695,0.675,0.679,356534496
 2024/05/24,0.677,0.689,0.672,0.673,249438496
 2024/05/27,0.673,0.675,0.658,0.669,203569600
 2024/05/28,0.665,0.675,0.662,0.663,197726976
 2024/05/29,0.667,0.694,0.667,0.68,363712576
 2024/05/30,0.685,0.69,0.676,0.678,257208896
 2024/05/31,0.678,0.681,0.667,0.668,206257696
 2024/06/03,0.663,0.666,0.656,0.663,217243600
 2024/06/04,0.661,0.675,0.656,0.674,274301312
 2024/06/05,0.671,0.674,0.664,0.664,152063392
 2024/06/06,0.666,0.67,0.645,0.647,242565600
 2024/06/07,0.647,0.65,0.63,0.638,318921376
 2024/06/11,0.634,0.643,0.628,0.642,186694320
 2024/06/12,0.639,0.641,0.635,0.639,130804264
 2024/06/13,0.64,0.644,0.637,0.638,121788400
 2024/06/14,0.638,0.64,0.629,0.636,130792600
 2024/06/17,0.633,0.637,0.625,0.632,159635696
 2024/06/18,0.632,0.644,0.631,0.638,166690896
 2024/06/19,0.638,0.639,0.624,0.625,153053392
 2024/06/20,0.623,0.624,0.608,0.608,164353696
 2024/06/21,0.611,0.618,0.606,0.609,129202592
 2024/06/24,0.603,0.604,0.593,0.594,150063904
 2024/06/25,0.593,0.595,0.575,0.58,198080624
 2024/06/26,0.578,0.589,0.573,0.588,156265792
 2024/06/27,0.584,0.584,0.573,0.573,141640496
 2024/06/28,0.572,0.581,0.57,0.571,123990600
 2024/07/01,0.573,0.582,0.57,0.579,159424096
 2024/07/02,0.575,0.576,0.564,0.564,177832704
 2024/07/03,0.564,0.568,0.559,0.563,135132992
 2024/07/04,0.564,0.565,0.55,0.551,140878208
 2024/07/05,0.549,0.559,0.549,0.557,230284800
 2024/07/08,0.553,0.553,0.536,0.538,169056800
 2024/07/09,0.536,0.543,0.528,0.54,202403504
 2024/07/10,0.533,0.554,0.53,0.542,222167504
 2024/07/11,0.548,0.566,0.545,0.561,239655200
 2024/07/12,0.56,0.573,0.559,0.566,211760704
 2024/07/15,0.561,0.565,0.557,0.56,114057704
 2024/07/16,0.557,0.572,0.555,0.572,154628000
 2024/07/17,0.576,0.58,0.57,0.571,148393904
 2024/07/18,0.566,0.579,0.559,0.574,163715504
 2024/07/19,0.57,0.582,0.568,0.581,158813408
 2024/07/22,0.578,0.588,0.577,0.582,125590904
 2024/07/23,0.581,0.582,0.566,0.567,128247168
 2024/07/24,0.565,0.569,0.555,0.555,180592992
 2024/07/25,0.554,0.579,0.554,0.571,188357600
 2024/07/26,0.568,0.575,0.566,0.574,128657904
 2024/07/29,0.572,0.572,0.561,0.562,104518000
 2024/07/30,0.56,0.565,0.555,0.559,102242704
 2024/07/31,0.559,0.58,0.554,0.58,161043696
 2024/08/01,0.581,0.582,0.571,0.574,114366000
 2024/08/02,0.572,0.576,0.564,0.566,154630800
 2024/08/05,0.565,0.579,0.557,0.558,148973696
 2024/08/06,0.564,0.581,0.564,0.58,225335696
 2024/08/07,0.577,0.582,0.573,0.577,108840896
 2024/08/08,0.575,0.58,0.571,0.576,125210496
 2024/08/09,0.577,0.579,0.566,0.566,95329104
 2024/08/12,0.572,0.578,0.563,0.566,85530000
 2024/08/13,0.563,0.57,0.557,0.567,103323208
 2024/08/14,0.569,0.574,0.559,0.559,72038200
 2024/08/15,0.555,0.574,0.554,0.567,135864304
 2024/08/16,0.565,0.567,0.559,0.56,76841200
 2024/08/19,0.56,0.56,0.553,0.553,77515696
 2024/08/20,0.554,0.555,0.544,0.546,96686600
 2024/08/21,0.543,0.547,0.54,0.542,64619700
 2024/08/22,0.543,0.544,0.53,0.531,122354704
 2024/08/23,0.529,0.535,0.529,0.53,59218900
 2024/08/26,0.53,0.544,0.53,0.536,92424496
 2024/08/27,0.535,0.538,0.525,0.532,119106304
 2024/08/28,0.53,0.535,0.526,0.533,69973696
 2024/08/29,0.531,0.558,0.529,0.552,161818096
 2024/08/30,0.548,0.568,0.548,0.56,140908560
 2024/09/02,0.556,0.564,0.547,0.548,102536800
 2024/09/03,0.548,0.559,0.544,0.555,98894304
 2024/09/04,0.55,0.564,0.55,0.557,92583696
 2024/09/05,0.555,0.567,0.555,0.559,98682408
 2024/09/06,0.56,0.561,0.547,0.547,69499200
 2024/09/09,0.544,0.55,0.54,0.542,67237296
 2024/09/10,0.545,0.545,0.535,0.542,72159296
 2024/09/11,0.54,0.553,0.539,0.55,92143000
 2024/09/12,0.551,0.567,0.55,0.552,106881904
 2024/09/13,0.55,0.552,0.54,0.541,71250000
 2024/09/18,0.54,0.54,0.532,0.537,53239400
 2024/09/19,0.54,0.552,0.535,0.544,85789704
 2024/09/20,0.543,0.543,0.531,0.536,97975200
 2024/09/23,0.533,0.537,0.527,0.529,98318704
 2024/09/24,0.53,0.55,0.526,0.549,201630128
 2024/09/25,0.553,0.57,0.553,0.555,228504096
 2024/09/26,0.555,0.578,0.549,0.578,211948496
 2024/09/27,0.587,0.633,0.586,0.63,355363616
 2024/09/30,0.672,0.693,0.639,0.693,523381920
 2024/10/08,0.762,0.762,0.717,0.762,585610368
 2024/10/09,0.754,0.754,0.686,0.686,432375776
 2024/10/10,0.686,0.706,0.672,0.686,266938384
 2024/10/11,0.679,0.679,0.645,0.653,211740704
 2024/10/14,0.658,0.669,0.645,0.666,179804992
 2024/10/15,0.658,0.666,0.648,0.648,167958000
 2024/10/16,0.636,0.642,0.628,0.634,161379696
 2024/10/17,0.638,0.64,0.622,0.623,149414304
 2024/10/18,0.623,0.667,0.619,0.649,297019104
 2024/10/21,0.658,0.693,0.655,0.675,366186400
 2024/10/22,0.67,0.695,0.655,0.691,375132000
 2024/10/23,0.692,0.751,0.683,0.725,789786688
 2024/10/24,0.719,0.719,0.697,0.698,388130112
 2024/10/25,0.695,0.768,0.695,0.765,877958784
 2024/10/28,0.762,0.762,0.733,0.751,524738016
 2024/10/29,0.766,0.782,0.731,0.733,467639392
 2024/10/30,0.719,0.747,0.712,0.74,449298624
 2024/10/31,0.757,0.775,0.749,0.764,448152704
 2024/11/01,0.762,0.763,0.732,0.742,310363616
 2024/11/04,0.74,0.754,0.734,0.745,198095008
 2024/11/05,0.743,0.763,0.736,0.763,309192608
 2024/11/06,0.766,0.78,0.749,0.756,402475392
 2024/11/07,0.732,0.75,0.72,0.75,382623680
 2024/11/08,0.75,0.764,0.75,0.755,404232160
 2024/11/11,0.747,0.775,0.742,0.772,422509632
 2024/11/12,0.772,0.788,0.755,0.762,315084288
 2024/11/13,0.754,0.766,0.75,0.766,192210208
 2024/11/14,0.767,0.772,0.742,0.743,184161216
 2024/11/15,0.74,0.745,0.717,0.718,148778800
 2024/11/18,0.714,0.721,0.699,0.705,147235696
 2024/11/19,0.706,0.723,0.699,0.722,145555904
 2024/11/20,0.722,0.722,0.71,0.719,138090800
 2024/11/21,0.731,0.734,0.713,0.718,167484192
 2024/11/22,0.716,0.716,0.686,0.687,302641984
 2024/11/25,0.686,0.692,0.68,0.689,100215600
 2024/11/26,0.69,0.706,0.686,0.688,132855904
 2024/11/27,0.689,0.703,0.678,0.702,146851104
 2024/11/28,0.7,0.711,0.698,0.699,185722800
 2024/11/29,0.699,0.715,0.695,0.709,145421296
 2024/12/02,0.7,0.714,0.689,0.714,162514704
 2024/12/03,0.714,0.719,0.706,0.712,137953504
 2024/12/04,0.711,0.712,0.691,0.694,131874000
 2024/12/05,0.694,0.695,0.688,0.695,185908608
 2024/12/06,0.694,0.699,0.677,0.699,343103872
 2024/12/09,0.696,0.696,0.683,0.688,205232192
 2024/12/10,0.704,0.709,0.687,0.689,308674112
 2024/12/11,0.688,0.695,0.685,0.692,114471600
 2024/12/12,0.692,0.697,0.686,0.695,181488000
 2024/12/13,0.693,0.693,0.676,0.676,129036600
 2024/12/16,0.676,0.678,0.662,0.667,116612800
 2024/12/17,0.667,0.67,0.66,0.663,107995272
 2024/12/18,0.663,0.665,0.658,0.661,108005696
 2024/12/19,0.655,0.66,0.649,0.66,118856000
 2024/12/20,0.66,0.662,0.654,0.657,114588000
 2024/12/23,0.657,0.668,0.654,0.655,169395904
 2024/12/24,0.656,0.67,0.656,0.667,161771296
 2024/12/25,0.672,0.672,0.656,0.661,180279008
 2024/12/26,0.662,0.663,0.657,0.66,107092496
 2024/12/27,0.659,0.665,0.655,0.656,136165504
 2024/12/30,0.655,0.66,0.651,0.658,151156496
 2024/12/31,0.656,0.663,0.639,0.64,167268000
 2025/01/02,0.64,0.642,0.619,0.624,171420400
 2025/01/03,0.627,0.628,0.608,0.609,142650704
 2025/01/06,0.608,0.619,0.605,0.611,145238592
 2025/01/07,0.612,0.616,0.607,0.615,117770600
 2025/01/08,0.613,0.619,0.601,0.614,163903696
 2025/01/09,0.612,0.622,0.608,0.61,111478000
 2025/01/10,0.61,0.611,0.59,0.591,168408000
 2025/01/13,0.588,0.597,0.584,0.592,114769984
 2025/01/14,0.593,0.613,0.59,0.611,215068608
 2025/01/15,0.61,0.627,0.603,0.617,195967200
 2025/01/16,0.615,0.63,0.615,0.624,153590000
 2025/01/17,0.618,0.626,0.615,0.622,124712000
 2025/01/20,0.624,0.631,0.622,0.625,115783592
 2025/01/21,0.626,0.628,0.612,0.616,100668896
 2025/01/22,0.615,0.616,0.603,0.608,106152496
 2025/01/23,0.611,0.617,0.605,0.606,136583808
 2025/01/24,0.604,0.617,0.601,0.615,249473600
 2025/01/27,0.615,0.62,0.605,0.606,109219600
 2025/02/05,0.607,0.612,0.599,0.605,128420000
 2025/02/06,0.605,0.617,0.598,0.617,177596608
 2025/02/07,0.617,0.648,0.614,0.642,327098496
 2025/02/10,0.642,0.642,0.627,0.635,303590304
 2025/02/11,0.634,0.635,0.619,0.623,229099696
 2025/02/12,0.62,0.627,0.617,0.627,207196096
 2025/02/13,0.625,0.627,0.619,0.62,218474912
 2025/02/14,0.619,0.626,0.617,0.623,213037104
 2025/02/17,0.624,0.628,0.62,0.628,235908000
 2025/02/18,0.629,0.635,0.615,0.618,313961984
 2025/02/19,0.614,0.626,0.612,0.626,238546400
 2025/02/20,0.624,0.625,0.616,0.619,195428992
 2025/02/21,0.62,0.624,0.614,0.624,219284000
 2025/02/24,0.623,0.631,0.618,0.63,240670800
 2025/02/25,0.624,0.635,0.621,0.631,270015808
 2025/02/26,0.631,0.652,0.631,0.651,448601792
 2025/02/27,0.651,0.651,0.634,0.643,348999904
 2025/02/28,0.641,0.648,0.627,0.63,280408608
 2025/03/03,0.63,0.644,0.628,0.633,299093184
 2025/03/04,0.628,0.634,0.623,0.634,222645904
 2025/03/05,0.632,0.633,0.618,0.624,252175808
 2025/03/06,0.625,0.635,0.622,0.634,284631392
 2025/03/07,0.631,0.636,0.623,0.63,230237408
 2025/03/10,0.629,0.636,0.626,0.633,195871808
 2025/03/11,0.627,0.634,0.622,0.633,174862096
 2025/03/12,0.635,0.638,0.632,0.634,187005408
 2025/03/13,0.634,0.636,0.624,0.628,158959600
 2025/03/14,0.628,0.641,0.625,0.64,277186496
 2025/03/17,0.642,0.65,0.641,0.643,217874400
 2025/03/18,0.645,0.648,0.642,0.647,170043696
 2025/03/19,0.646,0.65,0.638,0.643,171532544
 2025/03/20,0.643,0.644,0.636,0.637,131451400
 2025/03/21,0.636,0.64,0.627,0.63,206212992
 2025/03/24,0.629,0.632,0.617,0.625,184420208
 2025/03/25,0.626,0.637,0.625,0.631,194592992
 2025/03/26,0.63,0.649,0.628,0.638,270512384
 2025/03/27,0.636,0.637,0.627,0.63,188790592
 2025/03/28,0.629,0.637,0.623,0.625,149408496
 2025/03/31,0.623,0.623,0.601,0.606,266827808
 2025/04/01,0.607,0.618,0.604,0.612,164715600
 2025/04/02,0.61,0.615,0.608,0.611,81158496
 2025/04/03,0.604,0.608,0.596,0.599,279765600
 2025/04/07,0.573,0.574,0.539,0.539,256364000
 2025/04/08,0.53,0.54,0.525,0.531,119046350
#数据来源:通达信,,,,,
