                  光伏50ETF (516880),,,,,
,,,,,
      时间,    开盘,    最高,    最低,    收盘,         成交量
,,,,,
 2021/01/18,0.988,0.999,0.96,0.999,197174480
 2021/01/19,1.008,1.011,0.963,0.967,399855168
 2021/01/20,0.968,1.002,0.967,0.998,210566608
 2021/01/21,1.008,1.048,1.002,1.042,353617024
 2021/01/22,1.044,1.08,1.044,1.076,272236992
 2021/01/25,1.077,1.125,1.059,1.078,371201920
 2021/01/26,1.08,1.083,1.05,1.061,190797376
 2021/01/27,1.059,1.106,1.031,1.103,242510656
 2021/01/28,1.069,1.088,1.042,1.049,276000768
 2021/01/29,1.057,1.066,1.001,1.024,337785152
 2021/02/01,1.007,1.017,0.984,0.999,312211584
 2021/02/02,1.008,1.027,0.988,1.017,192627008
 2021/02/03,1.02,1.043,1.01,1.015,172795600
 2021/02/04,1.006,1.024,0.992,1.009,171427296
 2021/02/05,1.012,1.038,1.005,1.009,205361328
 2021/02/08,1.006,1.01,0.969,1.006,215458848
 2021/02/09,1.008,1.044,1.008,1.041,263686544
 2021/02/10,1.046,1.077,1.037,1.066,245587936
 2021/02/18,1.078,1.087,1.049,1.058,141981488
 2021/02/19,1.047,1.05,1.012,1.038,174253648
 2021/02/22,1.033,1.057,1.007,1.009,229431120
 2021/02/23,1.01,1.015,0.992,0.997,235563408
 2021/02/24,0.998,1.005,0.951,0.965,387911712
 2021/02/25,0.971,0.979,0.96,0.964,118033776
 2021/02/26,0.951,0.962,0.926,0.955,147400272
 2021/03/01,0.965,0.989,0.963,0.981,128780048
 2021/03/02,0.989,0.995,0.961,0.971,109483472
 2021/03/03,0.972,0.972,0.947,0.966,105330752
 2021/03/04,0.953,0.956,0.902,0.908,339197856
 2021/03/05,0.88,0.917,0.88,0.908,122270256
 2021/03/08,0.913,0.914,0.857,0.858,182111904
 2021/03/09,0.856,0.86,0.817,0.83,144305504
 2021/03/10,0.85,0.859,0.832,0.839,87753368
 2021/03/11,0.839,0.869,0.836,0.868,105225992
 2021/03/12,0.88,0.885,0.861,0.883,86520720
 2021/03/15,0.877,0.877,0.84,0.848,78489864
 2021/03/16,0.847,0.859,0.839,0.855,48910852
 2021/03/17,0.846,0.86,0.837,0.857,47756064
 2021/03/18,0.857,0.874,0.854,0.873,75286312
 2021/03/19,0.858,0.863,0.845,0.851,63673496
 2021/03/22,0.852,0.874,0.852,0.868,59765688
 2021/03/23,0.87,0.872,0.848,0.858,51516668
 2021/03/24,0.852,0.859,0.836,0.84,60097140
 2021/03/25,0.835,0.841,0.822,0.836,37524176
 2021/03/26,0.843,0.87,0.843,0.865,104200944
 2021/03/29,0.867,0.868,0.852,0.859,40231072
 2021/03/30,0.855,0.887,0.85,0.884,106587808
 2021/03/31,0.877,0.884,0.871,0.878,42133112
 2021/04/01,0.882,0.898,0.879,0.886,59778404
 2021/04/02,0.883,0.892,0.873,0.884,47564384
 2021/04/06,0.887,0.914,0.887,0.904,84434264
 2021/04/07,0.904,0.905,0.877,0.888,59955964
 2021/04/08,0.883,0.886,0.872,0.881,30258684
 2021/04/09,0.878,0.88,0.862,0.866,52656480
 2021/04/12,0.864,0.867,0.84,0.844,58564148
 2021/04/13,0.843,0.848,0.835,0.839,48491872
 2021/04/14,0.836,0.851,0.836,0.849,31435424
 2021/04/15,0.848,0.857,0.841,0.854,40102176
 2021/04/16,0.854,0.855,0.837,0.85,48782400
 2021/04/19,0.848,0.879,0.844,0.878,105537296
 2021/04/20,0.873,0.904,0.87,0.888,121631336
 2021/04/21,0.888,0.897,0.879,0.887,41415096
 2021/04/22,0.892,0.898,0.876,0.889,50488176
 2021/04/23,0.888,0.905,0.883,0.898,66596572
 2021/04/26,0.9,0.919,0.891,0.892,75423720
 2021/04/27,0.891,0.901,0.882,0.891,53858576
 2021/04/28,0.89,0.907,0.889,0.905,51873584
 2021/04/29,0.906,0.911,0.895,0.903,35415316
 2021/04/30,0.9,0.93,0.897,0.924,117032864
 2021/05/06,0.925,0.936,0.911,0.919,42881268
 2021/05/07,0.918,0.929,0.893,0.896,51472196
 2021/05/10,0.892,0.912,0.885,0.905,42504868
 2021/05/11,0.899,0.899,0.876,0.898,46227592
 2021/05/12,0.89,0.907,0.89,0.904,140721760
 2021/05/13,0.892,0.897,0.886,0.889,35063944
 2021/05/14,0.89,0.902,0.876,0.898,52507032
 2021/05/17,0.898,0.925,0.896,0.923,95505432
 2021/05/18,0.923,0.926,0.913,0.919,28027524
 2021/05/19,0.916,0.937,0.911,0.934,72831808
 2021/05/20,0.934,0.938,0.92,0.925,36045248
 2021/05/21,0.935,0.949,0.924,0.929,52519724
 2021/05/24,0.927,0.929,0.913,0.929,37468760
 2021/05/25,0.928,0.936,0.916,0.936,54662296
 2021/05/26,0.936,0.936,0.925,0.928,40555168
 2021/05/27,0.927,0.938,0.922,0.934,47847564
 2021/05/28,0.935,0.956,0.931,0.944,99328864
 2021/05/31,0.941,0.98,0.941,0.977,147903200
 2021/06/01,0.975,0.979,0.96,0.974,62431512
 2021/06/02,0.977,0.992,0.958,0.961,59908944
 2021/06/03,0.96,0.96,0.934,0.936,70714608
 2021/06/04,0.936,0.944,0.922,0.937,50517836
 2021/06/07,0.935,0.938,0.921,0.93,49312212
 2021/06/08,0.928,0.94,0.919,0.927,46467948
 2021/06/09,0.926,0.932,0.918,0.932,33031590
 2021/06/10,0.934,0.981,0.934,0.973,186525008
 2021/06/11,0.978,1.005,0.975,0.997,227861776
 2021/06/15,0.997,1.01,0.981,0.983,87423168
 2021/06/16,0.975,0.976,0.942,0.943,119636568
 2021/06/17,0.943,0.96,0.94,0.959,36064972
 2021/06/18,0.963,0.989,0.96,0.984,76879280
 2021/06/21,0.972,1.018,0.972,1.01,164755056
 2021/06/22,1.012,1.018,0.997,1.014,81648736
 2021/06/23,1.011,1.039,1.011,1.026,128520064
 2021/06/24,1.044,1.072,1.028,1.06,208293920
 2021/06/25,1.063,1.083,1.058,1.064,105534096
 2021/06/28,1.066,1.085,1.066,1.077,88195368
 2021/06/29,1.086,1.114,1.086,1.107,178129984
 2021/06/30,1.104,1.125,1.089,1.121,110954512
 2021/07/01,1.121,1.13,1.084,1.085,92315384
 2021/07/02,1.075,1.098,1.07,1.071,78420456
 2021/07/05,1.066,1.097,1.065,1.09,52765076
 2021/07/06,1.09,1.094,1.05,1.069,71245304
 2021/07/07,1.06,1.134,1.051,1.125,146721920
 2021/07/08,1.128,1.156,1.127,1.139,93782224
 2021/07/09,1.137,1.153,1.102,1.147,121043968
 2021/07/12,1.15,1.182,1.14,1.164,87740672
 2021/07/13,1.161,1.193,1.154,1.184,69399408
 2021/07/14,1.171,1.187,1.143,1.15,63541920
 2021/07/15,1.145,1.206,1.143,1.202,112164088
 2021/07/16,1.202,1.226,1.181,1.185,71037664
 2021/07/19,1.171,1.212,1.171,1.18,47669748
 2021/07/20,1.171,1.19,1.166,1.185,39087976
 2021/07/21,1.188,1.253,1.188,1.245,91136720
 2021/07/22,1.246,1.278,1.237,1.276,60454688
 2021/07/23,1.278,1.305,1.27,1.283,59904508
 2021/07/26,1.285,1.297,1.228,1.275,72858096
 2021/07/27,1.274,1.3,1.195,1.204,86092264
 2021/07/28,1.175,1.221,1.136,1.19,95088976
 2021/07/29,1.216,1.301,1.216,1.3,104530744
 2021/07/30,1.297,1.371,1.288,1.337,118169704
 2021/08/02,1.34,1.376,1.308,1.349,91729512
 2021/08/03,1.346,1.346,1.273,1.294,84350896
 2021/08/04,1.293,1.38,1.284,1.377,133487784
 2021/08/05,1.374,1.398,1.35,1.389,70305016
 2021/08/06,1.389,1.426,1.378,1.403,51785992
 2021/08/09,1.399,1.399,1.339,1.382,65806488
 2021/08/10,1.373,1.424,1.355,1.387,59726692
 2021/08/11,1.38,1.394,1.357,1.383,46710592
 2021/08/12,1.378,1.382,1.355,1.375,37550296
 2021/08/13,1.36,1.392,1.342,1.354,41987184
 2021/08/16,1.352,1.361,1.325,1.332,50037544
 2021/08/17,1.33,1.355,1.305,1.315,46566128
 2021/08/18,1.31,1.332,1.281,1.295,53304852
 2021/08/19,1.29,1.338,1.275,1.321,50699244
 2021/08/20,1.318,1.344,1.303,1.328,53493624
 2021/08/23,1.333,1.377,1.325,1.372,67742544
 2021/08/24,1.378,1.42,1.367,1.394,79358384
 2021/08/25,1.394,1.46,1.388,1.459,90412304
 2021/08/26,1.459,1.483,1.444,1.449,48501588
 2021/08/27,1.445,1.492,1.435,1.481,55719256
 2021/08/30,1.482,1.588,1.482,1.569,60617820
 2021/08/31,1.592,1.595,1.521,1.543,88971872
 2021/09/01,1.548,1.558,1.43,1.463,68465512
 2021/09/02,1.46,1.54,1.445,1.539,58323336
 2021/09/03,1.55,1.578,1.479,1.494,89191192
 2021/09/06,1.49,1.491,1.405,1.474,67002288
 2021/09/07,1.464,1.499,1.446,1.498,51048784
 2021/09/08,1.498,1.519,1.439,1.447,68546432
 2021/09/09,1.45,1.459,1.411,1.448,54046696
 2021/09/10,1.441,1.475,1.426,1.469,49919760
 2021/09/13,1.472,1.472,1.412,1.426,57967288
 2021/09/14,1.418,1.443,1.398,1.424,40471688
 2021/09/15,1.429,1.465,1.422,1.46,58692184
 2021/09/16,1.461,1.462,1.373,1.382,89145120
 2021/09/17,1.381,1.39,1.32,1.359,77699848
 2021/09/22,1.348,1.39,1.335,1.379,46466552
 2021/09/23,1.388,1.407,1.38,1.385,31894592
 2021/09/24,1.384,1.434,1.355,1.411,50313544
 2021/09/27,1.42,1.433,1.357,1.399,52100096
 2021/09/28,1.398,1.414,1.374,1.381,31534232
 2021/09/29,1.363,1.403,1.357,1.373,36586880
 2021/09/30,1.373,1.401,1.366,1.398,33977504
 2021/10/08,1.412,1.415,1.35,1.361,42486304
 2021/10/11,1.373,1.375,1.332,1.343,27234710
 2021/10/12,1.349,1.349,1.301,1.323,35363712
 2021/10/13,1.325,1.385,1.32,1.382,56836816
 2021/10/14,1.375,1.432,1.373,1.407,49692716
 2021/10/15,1.405,1.447,1.4,1.44,47987584
 2021/10/18,1.45,1.468,1.438,1.468,43440176
 2021/10/19,1.467,1.477,1.451,1.466,31735134
 2021/10/20,1.462,1.514,1.456,1.493,42811808
 2021/10/21,1.49,1.49,1.456,1.464,35084540
 2021/10/22,1.468,1.47,1.439,1.445,43648776
 2021/10/25,1.446,1.52,1.445,1.51,65609764
 2021/10/26,1.51,1.518,1.49,1.495,36047720
 2021/10/27,1.506,1.536,1.498,1.524,44419092
 2021/10/28,1.524,1.539,1.495,1.512,45029932
 2021/10/29,1.5,1.552,1.46,1.548,50505288
 2021/11/01,1.546,1.569,1.51,1.539,39056212
 2021/11/02,1.531,1.533,1.485,1.502,51084784
 2021/11/03,1.489,1.507,1.455,1.478,48780240
 2021/11/04,1.48,1.52,1.48,1.501,38265112
 2021/11/05,1.495,1.5,1.461,1.47,29908774
 2021/11/08,1.465,1.488,1.451,1.479,26533640
 2021/11/09,1.506,1.526,1.484,1.498,45203848
 2021/11/10,1.496,1.496,1.455,1.484,36096096
 2021/11/11,1.482,1.504,1.474,1.488,26313192
 2021/11/12,1.491,1.518,1.491,1.51,38181392
 2021/11/15,1.51,1.51,1.454,1.461,51365744
 2021/11/16,1.46,1.465,1.431,1.438,48399464
 2021/11/17,1.436,1.477,1.432,1.471,36010084
 2021/11/18,1.465,1.473,1.447,1.461,23857752
 2021/11/19,1.457,1.492,1.448,1.48,34646560
 2021/11/22,1.487,1.515,1.485,1.511,42242304
 2021/11/23,1.505,1.529,1.5,1.5,43233684
 2021/11/24,1.501,1.501,1.462,1.464,46892408
 2021/11/25,1.459,1.462,1.442,1.443,35314152
 2021/11/26,1.443,1.456,1.439,1.451,19943470
 2021/11/29,1.435,1.473,1.425,1.466,47436920
 2021/11/30,1.467,1.478,1.453,1.466,23412846
 2021/12/01,1.466,1.472,1.441,1.452,20820832
 2021/12/02,1.45,1.45,1.428,1.434,29172272
 2021/12/03,1.426,1.431,1.409,1.431,56501048
 2021/12/06,1.431,1.455,1.424,1.425,30426920
 2021/12/07,1.43,1.435,1.397,1.423,27199344
 2021/12/08,1.425,1.451,1.419,1.446,48690088
 2021/12/09,1.448,1.448,1.43,1.438,26719186
 2021/12/10,1.436,1.473,1.425,1.466,126834832
 2021/12/13,1.475,1.482,1.46,1.472,32758132
 2021/12/14,1.472,1.476,1.455,1.459,20020420
 2021/12/15,1.459,1.479,1.451,1.467,40972056
 2021/12/16,1.467,1.48,1.464,1.479,22839540
 2021/12/17,1.474,1.475,1.43,1.432,39621392
 2021/12/20,1.426,1.426,1.366,1.373,49513644
 2021/12/21,1.379,1.379,1.345,1.375,20219538
 2021/12/22,1.377,1.382,1.365,1.373,17088108
 2021/12/23,1.374,1.402,1.364,1.393,29199738
 2021/12/24,1.393,1.4,1.345,1.347,34037620
 2021/12/27,1.345,1.349,1.312,1.33,23423972
 2021/12/28,1.33,1.358,1.322,1.355,26438776
 2021/12/29,1.356,1.376,1.345,1.361,27333282
 2021/12/30,1.364,1.379,1.355,1.363,25610492
 2021/12/31,1.385,1.423,1.385,1.407,81386344
 2022/01/04,1.418,1.418,1.343,1.351,44649756
 2022/01/05,1.352,1.353,1.292,1.302,43520060
 2022/01/06,1.299,1.31,1.27,1.301,27365436
 2022/01/07,1.302,1.307,1.267,1.274,27348600
 2022/01/10,1.273,1.273,1.246,1.257,24008874
 2022/01/11,1.26,1.264,1.232,1.235,27933624
 2022/01/12,1.244,1.275,1.244,1.275,31509080
 2022/01/13,1.273,1.278,1.246,1.255,20891696
 2022/01/14,1.249,1.279,1.243,1.265,17398272
 2022/01/17,1.266,1.302,1.266,1.281,23059536
 2022/01/18,1.279,1.29,1.267,1.279,17674194
 2022/01/19,1.271,1.273,1.247,1.257,20264484
 2022/01/20,1.248,1.261,1.238,1.244,18841320
 2022/01/21,1.24,1.26,1.231,1.24,17840190
 2022/01/24,1.237,1.287,1.229,1.277,33582592
 2022/01/25,1.266,1.282,1.242,1.243,24383568
 2022/01/26,1.25,1.278,1.247,1.277,26669178
 2022/01/27,1.27,1.276,1.222,1.227,35166352
 2022/01/28,1.233,1.245,1.18,1.205,27526172
 2022/02/07,1.22,1.246,1.22,1.228,20968392
 2022/02/08,1.225,1.226,1.165,1.183,35494296
 2022/02/09,1.183,1.188,1.162,1.188,23242328
 2022/02/10,1.19,1.193,1.147,1.158,34152712
 2022/02/11,1.148,1.155,1.123,1.123,23568692
 2022/02/14,1.111,1.132,1.102,1.117,21072056
 2022/02/15,1.116,1.16,1.116,1.16,37185372
 2022/02/16,1.166,1.177,1.153,1.157,20326176
 2022/02/17,1.155,1.2,1.152,1.188,37165552
 2022/02/18,1.176,1.189,1.16,1.183,20947668
 2022/02/21,1.181,1.185,1.166,1.182,19531368
 2022/02/22,1.175,1.211,1.157,1.199,26222914
 2022/02/23,1.199,1.244,1.199,1.239,32422500
 2022/02/24,1.24,1.282,1.223,1.258,84828816
 2022/02/25,1.267,1.29,1.255,1.268,28482048
 2022/02/28,1.266,1.305,1.262,1.299,41185488
 2022/03/01,1.32,1.346,1.3,1.306,46141832
 2022/03/02,1.31,1.319,1.276,1.318,27258494
 2022/03/03,1.321,1.328,1.289,1.292,22036776
 2022/03/04,1.287,1.307,1.274,1.279,20556282
 2022/03/07,1.274,1.286,1.25,1.266,32405428
 2022/03/08,1.262,1.29,1.246,1.257,30329788
 2022/03/09,1.278,1.283,1.192,1.266,31619576
 2022/03/10,1.297,1.321,1.286,1.303,67974560
 2022/03/11,1.28,1.294,1.249,1.289,31191752
 2022/03/14,1.278,1.29,1.252,1.253,25169088
 2022/03/15,1.248,1.271,1.219,1.223,31970782
 2022/03/16,1.239,1.267,1.188,1.264,42702616
 2022/03/17,1.273,1.284,1.256,1.258,38446072
 2022/03/18,1.251,1.251,1.232,1.248,22269812
 2022/03/21,1.245,1.27,1.241,1.258,26348820
 2022/03/22,1.251,1.257,1.222,1.231,26464996
 2022/03/23,1.239,1.258,1.229,1.24,30429964
 2022/03/24,1.223,1.23,1.2,1.214,28747508
 2022/03/25,1.215,1.221,1.178,1.179,31315672
 2022/03/28,1.172,1.188,1.164,1.176,24236632
 2022/03/29,1.187,1.193,1.158,1.17,19715458
 2022/03/30,1.176,1.203,1.165,1.202,30791000
 2022/03/31,1.195,1.195,1.159,1.161,32187690
 2022/04/01,1.155,1.179,1.146,1.163,18613504
 2022/04/06,1.156,1.156,1.116,1.126,27347452
 2022/04/07,1.116,1.127,1.106,1.108,22224772
 2022/04/08,1.108,1.118,1.087,1.102,19834368
 2022/04/11,1.102,1.102,1.045,1.048,32570552
 2022/04/12,1.047,1.061,1.03,1.06,31339064
 2022/04/13,1.058,1.062,1.04,1.042,14547602
 2022/04/14,1.05,1.056,1.022,1.032,21036560
 2022/04/15,1.021,1.032,1.007,1.026,23895496
 2022/04/18,1.02,1.066,1.011,1.065,34910424
 2022/04/19,1.061,1.09,1.061,1.068,19017266
 2022/04/20,1.05,1.053,1.025,1.025,29433908
 2022/04/21,1.019,1.026,0.971,0.975,35299160
 2022/04/22,0.975,0.977,0.956,0.963,18971906
 2022/04/25,0.961,0.961,0.893,0.894,29442470
 2022/04/26,0.894,0.912,0.878,0.883,21956472
 2022/04/27,0.872,0.955,0.868,0.954,40439312
 2022/04/28,0.944,0.98,0.936,0.96,24788676
 2022/04/29,0.968,1.004,0.958,0.997,29710756
 2022/05/05,0.995,1.023,0.992,1.005,33932632
 2022/05/06,0.988,1.003,0.976,0.988,21129872
 2022/05/09,0.987,1.015,0.982,1.002,23537504
 2022/05/10,0.988,1.046,0.984,1.029,28732616
 2022/05/11,1.034,1.085,1.033,1.057,37919920
 2022/05/12,1.058,1.062,1.041,1.052,22264786
 2022/05/13,1.052,1.065,1.047,1.056,11056524
 2022/05/16,1.055,1.078,1.04,1.043,19314136
 2022/05/17,1.04,1.083,1.034,1.079,30716464
 2022/05/18,1.081,1.105,1.073,1.095,21755812
 2022/05/19,1.078,1.164,1.073,1.154,42109144
 2022/05/20,1.157,1.17,1.142,1.165,31392326
 2022/05/23,1.164,1.166,1.139,1.161,16712860
 2022/05/24,1.162,1.173,1.122,1.126,38493112
 2022/05/25,1.124,1.139,1.115,1.139,35919748
 2022/05/26,1.142,1.152,1.118,1.134,18502586
 2022/05/27,1.14,1.153,1.118,1.127,28857552
 2022/05/30,1.129,1.136,1.115,1.133,20061044
 2022/05/31,1.145,1.17,1.133,1.165,32532086
 2022/06/01,1.155,1.168,1.149,1.158,22880120
 2022/06/02,1.151,1.188,1.148,1.185,34362356
 2022/06/06,1.185,1.258,1.179,1.241,45564380
 2022/06/07,1.256,1.28,1.24,1.244,37834424
 2022/06/08,1.242,1.254,1.216,1.244,34003260
 2022/06/09,1.231,1.262,1.224,1.237,34238872
 2022/06/10,1.22,1.272,1.21,1.267,43814492
 2022/06/13,1.26,1.287,1.253,1.281,38167032
 2022/06/14,1.261,1.263,1.208,1.254,52890720
 2022/06/15,1.245,1.271,1.224,1.232,38224816
 2022/06/16,1.231,1.282,1.231,1.27,44894336
 2022/06/17,1.255,1.3,1.255,1.294,34759656
 2022/06/20,1.296,1.329,1.289,1.313,39796788
 2022/06/21,1.315,1.327,1.276,1.295,35687292
 2022/06/22,1.294,1.341,1.289,1.311,44256304
 2022/06/23,1.32,1.336,1.294,1.334,33412498
 2022/06/24,1.329,1.374,1.329,1.369,37852580
 2022/06/27,1.383,1.39,1.36,1.372,30700592
 2022/06/28,1.373,1.41,1.356,1.404,44959136
 2022/06/29,1.4,1.407,1.337,1.34,48280496
 2022/06/30,1.339,1.404,1.339,1.389,57078412
 2022/07/01,1.396,1.41,1.367,1.376,36445584
 2022/07/04,1.358,1.402,1.346,1.397,39564876
 2022/07/05,1.397,1.42,1.393,1.416,42537504
 2022/07/06,1.411,1.425,1.393,1.407,32543360
 2022/07/07,1.407,1.458,1.387,1.453,54366696
 2022/07/08,1.463,1.47,1.412,1.416,39642156
 2022/07/11,1.413,1.413,1.368,1.385,38370748
 2022/07/12,1.385,1.417,1.372,1.377,42319196
 2022/07/13,1.382,1.419,1.357,1.406,45038916
 2022/07/14,1.401,1.469,1.395,1.454,50234840
 2022/07/15,1.45,1.471,1.44,1.443,43978100
 2022/07/18,1.456,1.459,1.41,1.444,31628520
 2022/07/19,1.446,1.446,1.408,1.414,32210756
 2022/07/20,1.424,1.428,1.403,1.42,27119888
 2022/07/21,1.419,1.431,1.403,1.406,34280964
 2022/07/22,1.408,1.442,1.404,1.422,32941272
 2022/07/25,1.421,1.421,1.374,1.379,34594712
 2022/07/26,1.377,1.416,1.369,1.401,34682920
 2022/07/27,1.405,1.45,1.399,1.448,49645140
 2022/07/28,1.46,1.474,1.435,1.448,33700628
 2022/07/29,1.447,1.474,1.438,1.445,28916252
 2022/08/01,1.43,1.457,1.41,1.452,26945714
 2022/08/02,1.437,1.448,1.407,1.425,40546908
 2022/08/03,1.428,1.448,1.37,1.378,37221988
 2022/08/04,1.379,1.392,1.351,1.375,34460616
 2022/08/05,1.378,1.387,1.355,1.379,26585216
 2022/08/08,1.377,1.395,1.346,1.393,36625228
 2022/08/09,1.393,1.457,1.385,1.438,46979152
 2022/08/10,1.43,1.455,1.421,1.445,30544976
 2022/08/11,1.455,1.455,1.417,1.445,29381504
 2022/08/12,1.444,1.449,1.418,1.42,25456996
 2022/08/15,1.418,1.483,1.417,1.477,58613180
 2022/08/16,1.48,1.515,1.471,1.495,41936864
 2022/08/17,1.496,1.534,1.492,1.504,49906800
 2022/08/18,1.5,1.544,1.499,1.533,42277680
 2022/08/19,1.533,1.539,1.477,1.494,45839128
 2022/08/22,1.481,1.495,1.461,1.486,31395996
 2022/08/23,1.481,1.53,1.481,1.514,42844480
 2022/08/24,1.515,1.525,1.459,1.465,38819976
 2022/08/25,1.466,1.474,1.411,1.43,47871664
 2022/08/26,1.433,1.452,1.406,1.411,35053440
 2022/08/29,1.392,1.441,1.37,1.435,31564894
 2022/08/30,1.435,1.444,1.41,1.414,30448300
 2022/08/31,1.411,1.417,1.321,1.329,50124788
 2022/09/01,1.323,1.338,1.314,1.327,26919420
 2022/09/02,1.327,1.33,1.286,1.308,29287712
 2022/09/05,1.289,1.343,1.289,1.328,30485980
 2022/09/06,1.337,1.392,1.312,1.392,40231436
 2022/09/07,1.352,1.428,1.352,1.403,33876128
 2022/09/08,1.402,1.425,1.397,1.4,28882588
 2022/09/09,1.4,1.401,1.363,1.382,37873424
 2022/09/13,1.383,1.388,1.353,1.372,27479752
 2022/09/14,1.35,1.378,1.342,1.354,26665960
 2022/09/15,1.354,1.357,1.249,1.263,60475268
 2022/09/16,1.255,1.285,1.248,1.25,29650692
 2022/09/19,1.25,1.263,1.227,1.235,26924228
 2022/09/20,1.245,1.295,1.24,1.274,37186560
 2022/09/21,1.276,1.283,1.249,1.263,28847766
 2022/09/22,1.256,1.284,1.232,1.266,26887728
 2022/09/23,1.265,1.287,1.24,1.253,26847966
 2022/09/26,1.248,1.295,1.241,1.271,37338376
 2022/09/27,1.272,1.288,1.259,1.28,28153086
 2022/09/28,1.28,1.293,1.232,1.233,30922276
 2022/09/29,1.238,1.26,1.221,1.254,29424092
 2022/09/30,1.25,1.258,1.213,1.216,28811878
 2022/10/10,1.218,1.236,1.183,1.193,26020864
 2022/10/11,1.194,1.217,1.194,1.207,29033258
 2022/10/12,1.21,1.254,1.171,1.251,40896184
 2022/10/13,1.249,1.279,1.238,1.243,28599460
 2022/10/14,1.255,1.324,1.243,1.306,45748728
 2022/10/17,1.29,1.291,1.256,1.283,42253744
 2022/10/18,1.289,1.311,1.278,1.292,36507104
 2022/10/19,1.289,1.304,1.269,1.272,30057606
 2022/10/20,1.261,1.263,1.224,1.241,34118244
 2022/10/21,1.236,1.258,1.232,1.241,26256908
 2022/10/24,1.243,1.25,1.21,1.22,30507544
 2022/10/25,1.213,1.271,1.209,1.255,33898000
 2022/10/26,1.254,1.292,1.245,1.283,44461320
 2022/10/27,1.291,1.336,1.275,1.28,42830048
 2022/10/28,1.265,1.28,1.231,1.238,37164000
 2022/10/31,1.235,1.249,1.211,1.216,33110614
 2022/11/01,1.216,1.266,1.216,1.265,39209596
 2022/11/02,1.263,1.294,1.25,1.293,43957856
 2022/11/03,1.281,1.318,1.273,1.293,29772796
 2022/11/04,1.291,1.353,1.291,1.352,46841840
 2022/11/07,1.352,1.36,1.323,1.343,29093168
 2022/11/08,1.344,1.344,1.307,1.323,32588700
 2022/11/09,1.317,1.323,1.295,1.298,26312472
 2022/11/10,1.293,1.295,1.262,1.273,32564500
 2022/11/11,1.309,1.313,1.268,1.28,42579384
 2022/11/14,1.28,1.281,1.224,1.243,67173368
 2022/11/15,1.235,1.262,1.231,1.26,47008256
 2022/11/16,1.262,1.262,1.235,1.241,43012388
 2022/11/17,1.235,1.236,1.205,1.22,47408788
 2022/11/18,1.218,1.243,1.203,1.226,34833612
 2022/11/21,1.224,1.235,1.212,1.233,35802716
 2022/11/22,1.232,1.232,1.194,1.198,42015088
 2022/11/23,1.198,1.243,1.191,1.238,60852284
 2022/11/24,1.238,1.25,1.231,1.233,40032016
 2022/11/25,1.227,1.227,1.2,1.202,32969124
 2022/11/28,1.188,1.198,1.174,1.197,28012726
 2022/11/29,1.191,1.207,1.186,1.195,40399196
 2022/11/30,1.195,1.208,1.188,1.195,39036076
 2022/12/01,1.207,1.219,1.199,1.211,44382976
 2022/12/02,1.209,1.237,1.205,1.223,49541512
 2022/12/05,1.214,1.221,1.181,1.189,74420304
 2022/12/06,1.189,1.194,1.164,1.182,51037096
 2022/12/07,1.174,1.194,1.17,1.179,42558596
 2022/12/08,1.178,1.209,1.175,1.189,54514644
 2022/12/09,1.188,1.189,1.175,1.18,31262584
 2022/12/12,1.175,1.176,1.159,1.166,27980648
 2022/12/13,1.166,1.168,1.133,1.136,95860624
 2022/12/14,1.136,1.142,1.12,1.125,27733582
 2022/12/15,1.124,1.141,1.119,1.141,35236640
 2022/12/16,1.132,1.135,1.11,1.113,34239048
 2022/12/19,1.108,1.128,1.105,1.108,27263292
 2022/12/20,1.108,1.115,1.096,1.109,24280430
 2022/12/21,1.109,1.11,1.077,1.081,26165688
 2022/12/22,1.085,1.089,1.047,1.049,33687764
 2022/12/23,1.041,1.053,1.025,1.033,32360628
 2022/12/26,1.027,1.105,1.027,1.104,67206936
 2022/12/27,1.104,1.13,1.098,1.13,49746600
 2022/12/28,1.117,1.144,1.111,1.131,42456216
 2022/12/29,1.123,1.141,1.122,1.126,29677492
 2022/12/30,1.131,1.147,1.125,1.135,28054842
 2023/01/03,1.14,1.155,1.116,1.15,36346868
 2023/01/04,1.148,1.151,1.117,1.126,26312800
 2023/01/05,1.121,1.151,1.121,1.145,32804484
 2023/01/06,1.146,1.221,1.145,1.201,82797176
 2023/01/09,1.209,1.221,1.19,1.201,33551410
 2023/01/10,1.203,1.225,1.203,1.206,25351240
 2023/01/11,1.207,1.212,1.191,1.192,24087426
 2023/01/12,1.19,1.211,1.19,1.196,24453060
 2023/01/13,1.197,1.205,1.181,1.191,24524550
 2023/01/16,1.189,1.222,1.183,1.204,30235698
 2023/01/17,1.21,1.221,1.204,1.21,17333264
 2023/01/18,1.217,1.221,1.203,1.212,21799876
 2023/01/19,1.215,1.215,1.198,1.206,19854804
 2023/01/20,1.212,1.237,1.212,1.236,37033360
 2023/01/30,1.249,1.261,1.239,1.241,30230044
 2023/01/31,1.24,1.26,1.239,1.254,26092094
 2023/02/01,1.259,1.26,1.225,1.252,32264864
 2023/02/02,1.25,1.25,1.235,1.238,38390064
 2023/02/03,1.237,1.24,1.2,1.214,35684344
 2023/02/06,1.202,1.215,1.2,1.207,23884400
 2023/02/07,1.212,1.217,1.197,1.206,23389062
 2023/02/08,1.204,1.215,1.2,1.202,24142480
 2023/02/09,1.2,1.224,1.192,1.217,69552184
 2023/02/10,1.214,1.216,1.195,1.2,21875532
 2023/02/13,1.196,1.21,1.193,1.201,21168612
 2023/02/14,1.201,1.207,1.19,1.199,25557336
 2023/02/15,1.2,1.214,1.192,1.194,25994182
 2023/02/16,1.196,1.203,1.166,1.177,39292376
 2023/02/17,1.173,1.177,1.148,1.149,34433784
 2023/02/20,1.149,1.173,1.14,1.171,33149014
 2023/02/21,1.17,1.196,1.165,1.188,37663324
 2023/02/22,1.185,1.197,1.174,1.176,22413332
 2023/02/23,1.181,1.212,1.177,1.209,53049832
 2023/02/24,1.208,1.208,1.184,1.189,36869652
 2023/02/27,1.181,1.213,1.175,1.192,32961384
 2023/02/28,1.192,1.195,1.177,1.191,34536220
 2023/03/01,1.189,1.189,1.174,1.177,34570316
 2023/03/02,1.181,1.185,1.155,1.159,33507018
 2023/03/03,1.159,1.169,1.153,1.157,32665640
 2023/03/06,1.158,1.202,1.15,1.195,62069112
 2023/03/07,1.188,1.2,1.182,1.185,36551256
 2023/03/08,1.181,1.201,1.165,1.173,35878136
 2023/03/09,1.169,1.179,1.163,1.165,26017592
 2023/03/10,1.163,1.165,1.145,1.154,28438308
 2023/03/13,1.152,1.167,1.146,1.151,23974062
 2023/03/14,1.151,1.154,1.105,1.131,41248584
 2023/03/15,1.132,1.154,1.126,1.131,26388948
 2023/03/16,1.123,1.126,1.075,1.079,52799036
 2023/03/17,1.08,1.091,1.066,1.073,37300464
 2023/03/20,1.077,1.095,1.052,1.086,37108684
 2023/03/21,1.084,1.09,1.067,1.088,39031112
 2023/03/22,1.09,1.103,1.079,1.086,31378724
 2023/03/23,1.078,1.087,1.074,1.078,29440826
 2023/03/24,1.081,1.096,1.062,1.086,37354324
 2023/03/27,1.085,1.109,1.078,1.105,40545928
 2023/03/28,1.1,1.107,1.088,1.09,25575788
 2023/03/29,1.092,1.106,1.085,1.093,27329080
 2023/03/30,1.093,1.106,1.081,1.105,35907048
 2023/03/31,1.106,1.123,1.102,1.106,33003048
 2023/04/03,1.106,1.127,1.101,1.118,38674264
 2023/04/04,1.124,1.124,1.083,1.094,53097568
 2023/04/06,1.093,1.104,1.084,1.099,37402476
 2023/04/07,1.099,1.108,1.093,1.095,33335260
 2023/04/10,1.102,1.113,1.095,1.113,44375944
 2023/04/11,1.113,1.117,1.101,1.11,31104120
 2023/04/12,1.108,1.11,1.085,1.09,42701928
 2023/04/13,1.09,1.098,1.08,1.082,77788936
 2023/04/14,1.08,1.093,1.07,1.087,35548072
 2023/04/17,1.089,1.104,1.086,1.093,33363248
 2023/04/18,1.091,1.112,1.09,1.106,43372336
 2023/04/19,1.1,1.103,1.087,1.09,36297360
 2023/04/20,1.09,1.092,1.065,1.069,43457444
 2023/04/21,1.07,1.084,1.057,1.059,41861128
 2023/04/24,1.06,1.065,1.022,1.033,46418560
 2023/04/25,1.033,1.048,1.001,1.008,44703132
 2023/04/26,1,1.085,1,1.073,77474640
 2023/04/27,1.08,1.08,1.047,1.058,50971040
 2023/04/28,1.058,1.066,1.043,1.049,46613048
 2023/05/04,1.041,1.07,1.038,1.049,60693856
 2023/05/05,1.043,1.043,1.013,1.024,95206096
 2023/05/08,1.025,1.04,1.015,1.029,34005984
 2023/05/09,1.027,1.029,1.011,1.011,87012368
 2023/05/10,1.011,1.03,0.998,1.021,45601960
 2023/05/11,1.019,1.039,1.013,1.019,40099240
 2023/05/12,1.025,1.025,0.998,0.998,45961748
 2023/05/15,1.001,1.037,1.001,1.032,111107648
 2023/05/16,1.033,1.052,1.03,1.037,55231032
 2023/05/17,1.041,1.049,1.03,1.038,38551284
 2023/05/18,1.037,1.041,1.015,1.02,47782884
 2023/05/19,1.021,1.024,1.011,1.019,29606032
 2023/05/22,1.02,1.03,1.014,1.025,82406008
 2023/05/23,1.025,1.044,1.02,1.024,45456668
 2023/05/24,1.023,1.058,1.016,1.043,90574872
 2023/05/25,1.043,1.076,1.036,1.063,77932296
 2023/05/26,1.058,1.059,1.025,1.036,48485436
 2023/05/29,1.028,1.032,0.998,1.002,76529904
 2023/05/30,1.003,1.009,0.98,0.99,52715900
 2023/05/31,0.991,0.993,0.974,0.978,38923920
 2023/06/01,0.976,0.987,0.967,0.967,46395900
 2023/06/02,0.971,0.983,0.966,0.977,40074164
 2023/06/05,0.977,0.978,0.953,0.954,38734776
 2023/06/06,0.954,0.96,0.937,0.951,45663328
 2023/06/07,0.951,0.953,0.929,0.934,38255960
 2023/06/08,0.934,0.95,0.934,0.937,29325758
 2023/06/09,0.938,0.946,0.927,0.946,30704022
 2023/06/12,0.944,0.961,0.935,0.955,28253252
 2023/06/13,0.951,0.959,0.945,0.95,19936600
 2023/06/14,0.952,0.954,0.939,0.939,24258300
 2023/06/15,0.937,0.992,0.935,0.99,70755200
 2023/06/16,0.993,1.007,0.988,1.004,42976280
 2023/06/19,1.003,1.008,0.993,1.003,34115960
 2023/06/20,1.006,1.014,0.995,1.005,29990236
 2023/06/21,1.003,1.018,0.991,0.992,27318360
 2023/06/26,0.988,1.019,0.978,1.003,39884696
 2023/06/27,1.009,1.028,0.999,1.009,32536480
 2023/06/28,1.009,1.022,1.003,1.019,37140736
 2023/06/29,1.02,1.039,1.014,1.017,33058924
 2023/06/30,1.017,1.035,1.008,1.027,34488000
 2023/07/03,1.034,1.045,1.027,1.03,30577412
 2023/07/04,1.027,1.035,1.015,1.019,27427842
 2023/07/05,1.019,1.021,1.002,1.003,25004072
 2023/07/06,1.002,1.008,0.996,1.002,23798556
 2023/07/07,0.997,1,0.984,0.986,24648072
 2023/07/10,0.989,1.022,0.983,1.013,43991072
 2023/07/11,1.015,1.017,0.997,1.006,26876032
 2023/07/12,1.003,1.026,0.99,1.016,38155276
 2023/07/13,1.015,1.035,1.015,1.021,26952456
 2023/07/14,1.019,1.021,1.002,1.005,24372968
 2023/07/17,1.004,1.008,0.995,1,21810792
 2023/07/18,1.003,1.004,0.987,0.992,26020284
 2023/07/19,0.99,0.993,0.974,0.979,25802576
 2023/07/20,0.976,0.986,0.973,0.976,28528748
 2023/07/21,0.974,0.977,0.958,0.963,31427836
 2023/07/24,0.961,0.965,0.951,0.955,26453548
 2023/07/25,0.962,0.971,0.962,0.968,23824100
 2023/07/26,0.971,0.979,0.965,0.971,26420068
 2023/07/27,0.972,0.976,0.956,0.959,24994396
 2023/07/28,0.957,0.97,0.949,0.969,26756648
 2023/07/31,0.973,0.985,0.969,0.976,31966628
 2023/08/01,0.976,0.976,0.954,0.96,38530520
 2023/08/02,0.959,0.963,0.953,0.956,27167152
 2023/08/03,0.96,0.977,0.959,0.972,34793336
 2023/08/04,0.977,0.98,0.967,0.976,37134140
 2023/08/07,0.974,0.976,0.963,0.967,35158148
 2023/08/08,0.973,0.976,0.957,0.959,31956956
 2023/08/09,0.955,0.96,0.952,0.954,36587456
 2023/08/10,0.954,0.969,0.954,0.965,37963080
 2023/08/11,0.965,0.965,0.943,0.945,37702376
 2023/08/14,0.94,0.941,0.925,0.937,27946398
 2023/08/15,0.932,0.938,0.909,0.913,46831396
 2023/08/16,0.912,0.92,0.9,0.902,32144792
 2023/08/17,0.9,0.905,0.889,0.905,33459148
 2023/08/18,0.9,0.913,0.894,0.896,31504380
 2023/08/21,0.896,0.896,0.872,0.874,39784964
 2023/08/22,0.877,0.881,0.846,0.864,40368276
 2023/08/23,0.863,0.864,0.836,0.838,33969868
 2023/08/24,0.837,0.866,0.837,0.857,49339972
 2023/08/25,0.854,0.861,0.844,0.851,27506480
 2023/08/28,0.901,0.904,0.858,0.866,48149584
 2023/08/29,0.86,0.882,0.857,0.88,37024192
 2023/08/30,0.88,0.893,0.878,0.882,31191884
 2023/08/31,0.886,0.886,0.869,0.87,29124686
 2023/09/01,0.871,0.877,0.867,0.87,15583503
 2023/09/04,0.874,0.878,0.862,0.875,27007496
 2023/09/05,0.873,0.89,0.866,0.882,39782592
 2023/09/06,0.881,0.882,0.867,0.873,34430600
 2023/09/07,0.871,0.871,0.849,0.852,29395200
 2023/09/08,0.847,0.852,0.835,0.837,31737860
 2023/09/11,0.837,0.85,0.833,0.846,25650360
 2023/09/12,0.843,0.851,0.838,0.846,23760388
 2023/09/13,0.846,0.848,0.832,0.836,26920962
 2023/09/14,0.838,0.838,0.825,0.826,26834736
 2023/09/15,0.827,0.832,0.82,0.823,26643568
 2023/09/18,0.82,0.836,0.814,0.827,25268668
 2023/09/19,0.827,0.827,0.812,0.816,25687442
 2023/09/20,0.816,0.816,0.806,0.807,27280280
 2023/09/21,0.808,0.808,0.798,0.799,26254052
 2023/09/22,0.794,0.812,0.793,0.812,33023488
 2023/09/25,0.812,0.816,0.801,0.812,23971182
 2023/09/26,0.813,0.816,0.807,0.808,21081890
 2023/09/27,0.806,0.843,0.806,0.836,47102456
 2023/09/28,0.835,0.841,0.832,0.836,23786648
 2023/10/09,0.835,0.836,0.825,0.832,23102008
 2023/10/10,0.831,0.836,0.821,0.822,24280774
 2023/10/11,0.824,0.837,0.818,0.822,23484856
 2023/10/12,0.823,0.837,0.821,0.833,24306538
 2023/10/13,0.828,0.828,0.813,0.819,24298488
 2023/10/16,0.817,0.82,0.798,0.801,25214188
 2023/10/17,0.801,0.807,0.796,0.804,24497392
 2023/10/18,0.803,0.803,0.789,0.789,20478166
 2023/10/19,0.785,0.792,0.78,0.785,24061800
 2023/10/20,0.784,0.795,0.778,0.787,22099568
 2023/10/23,0.787,0.787,0.756,0.761,30520072
 2023/10/24,0.762,0.768,0.755,0.764,35749852
 2023/10/25,0.768,0.777,0.76,0.763,25500014
 2023/10/26,0.757,0.757,0.733,0.748,32832988
 2023/10/27,0.741,0.775,0.74,0.77,39270568
 2023/10/30,0.77,0.782,0.764,0.779,29302562
 2023/10/31,0.776,0.778,0.76,0.764,30185068
 2023/11/01,0.765,0.767,0.751,0.754,21098308
 2023/11/02,0.753,0.756,0.736,0.737,33313900
 2023/11/03,0.738,0.756,0.737,0.751,30178232
 2023/11/06,0.755,0.778,0.755,0.774,37805660
 2023/11/07,0.77,0.778,0.765,0.776,29073776
 2023/11/08,0.776,0.782,0.77,0.776,30363058
 2023/11/09,0.776,0.8,0.775,0.794,47650624
 2023/11/10,0.793,0.793,0.776,0.781,30976618
 2023/11/13,0.781,0.79,0.779,0.787,29135796
 2023/11/14,0.79,0.795,0.781,0.785,27602100
 2023/11/15,0.796,0.805,0.791,0.798,43195360
 2023/11/16,0.8,0.801,0.775,0.776,44674280
 2023/11/17,0.767,0.779,0.767,0.776,25803476
 2023/11/20,0.775,0.78,0.767,0.778,26283916
 2023/11/21,0.778,0.782,0.769,0.77,29842296
 2023/11/22,0.766,0.769,0.754,0.755,33170000
 2023/11/23,0.753,0.759,0.751,0.757,27383248
 2023/11/24,0.757,0.757,0.745,0.746,27757642
 2023/11/27,0.741,0.747,0.73,0.735,30292664
 2023/11/28,0.733,0.738,0.73,0.735,27147110
 2023/11/29,0.735,0.737,0.724,0.725,28793544
 2023/11/30,0.726,0.73,0.718,0.721,30119700
 2023/12/01,0.72,0.72,0.71,0.716,30118294
 2023/12/04,0.716,0.719,0.708,0.708,24680546
 2023/12/05,0.705,0.712,0.693,0.695,26048684
 2023/12/06,0.694,0.709,0.692,0.703,27723724
 2023/12/07,0.702,0.702,0.688,0.694,23820436
 2023/12/08,0.696,0.7,0.692,0.694,24246400
 2023/12/11,0.69,0.697,0.679,0.694,25922688
 2023/12/12,0.694,0.696,0.687,0.69,21561416
 2023/12/13,0.689,0.689,0.671,0.671,37767136
 2023/12/14,0.673,0.683,0.67,0.671,22236544
 2023/12/15,0.675,0.687,0.672,0.675,26827900
 2023/12/18,0.675,0.675,0.658,0.659,26928072
 2023/12/19,0.656,0.673,0.656,0.666,29020540
 2023/12/20,0.669,0.671,0.66,0.661,23113100
 2023/12/21,0.658,0.688,0.657,0.682,46302156
 2023/12/22,0.682,0.7,0.673,0.69,43734848
 2023/12/25,0.688,0.698,0.688,0.692,21374296
 2023/12/26,0.694,0.696,0.687,0.692,24197740
 2023/12/27,0.692,0.692,0.681,0.688,26303788
 2023/12/28,0.685,0.745,0.685,0.745,87228520
 2023/12/29,0.748,0.748,0.731,0.736,48215852
 2024/01/02,0.736,0.736,0.723,0.724,35800496
 2024/01/03,0.72,0.731,0.719,0.725,28923328
 2024/01/04,0.724,0.724,0.707,0.712,26238800
 2024/01/05,0.712,0.722,0.695,0.701,27487024
 2024/01/08,0.695,0.711,0.695,0.697,24720594
 2024/01/09,0.695,0.725,0.688,0.709,39080648
 2024/01/10,0.704,0.733,0.702,0.718,41018008
 2024/01/11,0.718,0.731,0.714,0.729,32002780
 2024/01/12,0.729,0.748,0.723,0.73,37817684
 2024/01/15,0.727,0.734,0.721,0.722,29130092
 2024/01/16,0.721,0.739,0.715,0.734,40171580
 2024/01/17,0.734,0.734,0.706,0.709,35352900
 2024/01/18,0.703,0.746,0.702,0.743,68384232
 2024/01/19,0.743,0.747,0.725,0.728,49964912
 2024/01/22,0.721,0.726,0.702,0.704,54002760
 2024/01/23,0.703,0.73,0.697,0.717,49799936
 2024/01/24,0.718,0.725,0.688,0.708,51188948
 2024/01/25,0.707,0.716,0.691,0.713,46605984
 2024/01/26,0.711,0.719,0.702,0.704,35659388
 2024/01/29,0.703,0.703,0.663,0.663,58248696
 2024/01/30,0.658,0.665,0.646,0.646,30677688
 2024/01/31,0.639,0.655,0.63,0.632,35618984
 2024/02/01,0.628,0.654,0.628,0.641,40234592
 2024/02/02,0.636,0.642,0.598,0.618,45809360
 2024/02/05,0.612,0.615,0.574,0.599,45698840
 2024/02/06,0.595,0.637,0.594,0.634,45486872
 2024/02/07,0.634,0.657,0.634,0.649,33071676
 2024/02/08,0.653,0.669,0.653,0.663,40689488
 2024/02/19,0.668,0.671,0.658,0.662,20720874
 2024/02/20,0.661,0.661,0.65,0.658,21044484
 2024/02/21,0.658,0.681,0.652,0.668,33788856
 2024/02/22,0.668,0.685,0.667,0.675,23951132
 2024/02/23,0.676,0.692,0.676,0.684,24651176
 2024/02/26,0.682,0.688,0.674,0.679,23816240
 2024/02/27,0.675,0.69,0.674,0.69,23777600
 2024/02/28,0.691,0.717,0.677,0.678,53305572
 2024/02/29,0.675,0.7,0.673,0.698,39591472
 2024/03/01,0.7,0.711,0.694,0.711,35195208
 2024/03/04,0.711,0.721,0.708,0.714,22887560
 2024/03/05,0.711,0.711,0.701,0.706,22533700
 2024/03/06,0.705,0.739,0.702,0.727,52320008
 2024/03/07,0.727,0.727,0.707,0.708,27086292
 2024/03/08,0.707,0.732,0.707,0.731,36139688
 2024/03/11,0.74,0.76,0.74,0.759,47845580
 2024/03/12,0.761,0.767,0.752,0.755,36973752
 2024/03/13,0.753,0.754,0.745,0.748,29371688
 2024/03/14,0.747,0.751,0.732,0.738,32749252
 2024/03/15,0.735,0.739,0.723,0.735,30622348
 2024/03/18,0.735,0.749,0.734,0.749,34632952
 2024/03/19,0.748,0.755,0.736,0.737,48017084
 2024/03/20,0.737,0.747,0.733,0.738,22318094
 2024/03/21,0.74,0.74,0.724,0.725,37108700
 2024/03/22,0.725,0.725,0.706,0.708,39536676
 2024/03/25,0.708,0.715,0.699,0.7,32099000
 2024/03/26,0.701,0.712,0.696,0.709,30604990
 2024/03/27,0.705,0.707,0.686,0.689,28764700
 2024/03/28,0.692,0.7,0.688,0.693,28066848
 2024/03/29,0.693,0.699,0.687,0.696,21730796
 2024/04/01,0.694,0.722,0.694,0.722,42170468
 2024/04/02,0.72,0.72,0.711,0.714,26385368
 2024/04/03,0.711,0.714,0.706,0.711,28780948
 2024/04/08,0.709,0.709,0.692,0.693,29048100
 2024/04/09,0.692,0.699,0.689,0.697,24628632
 2024/04/10,0.697,0.697,0.68,0.683,26251700
 2024/04/11,0.681,0.689,0.676,0.683,26612208
 2024/04/12,0.68,0.684,0.666,0.667,28471776
 2024/04/15,0.667,0.681,0.666,0.673,30348544
 2024/04/16,0.673,0.673,0.655,0.656,26513232
 2024/04/17,0.656,0.673,0.656,0.672,31273764
 2024/04/18,0.67,0.676,0.662,0.667,26017900
 2024/04/19,0.663,0.664,0.647,0.652,27083488
 2024/04/22,0.649,0.665,0.649,0.654,21784166
 2024/04/23,0.654,0.664,0.644,0.645,25384700
 2024/04/24,0.645,0.646,0.634,0.641,25845900
 2024/04/25,0.64,0.646,0.63,0.638,22512348
 2024/04/26,0.638,0.653,0.635,0.652,27056382
 2024/04/29,0.651,0.68,0.651,0.674,36463288
 2024/04/30,0.67,0.671,0.657,0.659,28818000
 2024/05/06,0.664,0.674,0.664,0.668,28284832
 2024/05/07,0.669,0.672,0.661,0.669,31052694
 2024/05/08,0.667,0.669,0.658,0.66,21564244
 2024/05/09,0.66,0.684,0.66,0.676,36874800
 2024/05/10,0.675,0.676,0.664,0.672,29475400
 2024/05/13,0.666,0.678,0.662,0.673,30363980
 2024/05/14,0.674,0.676,0.665,0.667,26913682
 2024/05/15,0.667,0.676,0.658,0.659,22222004
 2024/05/16,0.658,0.666,0.654,0.658,24880182
 2024/05/17,0.659,0.659,0.646,0.658,20923880
 2024/05/20,0.656,0.663,0.655,0.659,18719264
 2024/05/21,0.659,0.659,0.647,0.65,23856758
 2024/05/22,0.652,0.692,0.651,0.688,77692360
 2024/05/23,0.684,0.685,0.666,0.671,46521480
 2024/05/24,0.67,0.68,0.662,0.662,43696760
 2024/05/27,0.663,0.666,0.649,0.66,31291200
 2024/05/28,0.662,0.668,0.654,0.655,27853394
 2024/05/29,0.658,0.685,0.658,0.672,45727832
 2024/05/30,0.675,0.68,0.666,0.668,33858784
 2024/05/31,0.668,0.672,0.658,0.66,31072538
 2024/06/03,0.657,0.657,0.648,0.656,29173456
 2024/06/04,0.651,0.667,0.649,0.666,31480548
 2024/06/05,0.664,0.665,0.656,0.657,29441248
 2024/06/06,0.656,0.661,0.639,0.641,37576264
 2024/06/07,0.641,0.643,0.626,0.633,31255316
 2024/06/11,0.631,0.637,0.623,0.636,24755160
 2024/06/12,0.637,0.637,0.629,0.633,28125098
 2024/06/13,0.633,0.637,0.63,0.632,23129700
 2024/06/14,0.629,0.634,0.624,0.628,35534088
 2024/06/17,0.626,0.63,0.619,0.626,25449780
 2024/06/18,0.626,0.637,0.625,0.63,26433592
 2024/06/19,0.633,0.633,0.618,0.618,28716184
 2024/06/20,0.618,0.62,0.602,0.604,25681700
 2024/06/21,0.606,0.611,0.601,0.603,26485954
 2024/06/24,0.6,0.6,0.588,0.59,30387484
 2024/06/25,0.59,0.592,0.57,0.575,45478040
 2024/06/26,0.574,0.584,0.568,0.583,33499300
 2024/06/27,0.58,0.58,0.569,0.569,30034168
 2024/06/28,0.57,0.576,0.566,0.568,29288280
 2024/07/01,0.573,0.576,0.565,0.573,27216322
 2024/07/02,0.571,0.571,0.559,0.561,29233700
 2024/07/03,0.56,0.563,0.554,0.558,24210672
 2024/07/04,0.563,0.563,0.545,0.548,29238800
 2024/07/05,0.546,0.555,0.544,0.552,29186384
 2024/07/08,0.55,0.553,0.534,0.534,23612470
 2024/07/09,0.534,0.538,0.526,0.536,48094656
 2024/07/10,0.527,0.549,0.526,0.536,31828420
 2024/07/11,0.544,0.561,0.539,0.556,42971728
 2024/07/12,0.556,0.568,0.555,0.56,39947656
 2024/07/15,0.557,0.56,0.552,0.554,28964512
 2024/07/16,0.554,0.566,0.552,0.565,29674960
 2024/07/17,0.57,0.575,0.565,0.565,26522580
 2024/07/18,0.561,0.572,0.554,0.568,32283278
 2024/07/19,0.566,0.577,0.561,0.576,35020744
 2024/07/22,0.577,0.582,0.572,0.575,29329680
 2024/07/23,0.576,0.576,0.561,0.561,25399282
 2024/07/24,0.561,0.563,0.549,0.551,27373544
 2024/07/25,0.554,0.573,0.55,0.565,46749400
 2024/07/26,0.564,0.569,0.561,0.567,24879268
 2024/07/29,0.565,0.566,0.555,0.556,26642968
 2024/07/30,0.557,0.559,0.55,0.554,25697284
 2024/07/31,0.553,0.575,0.549,0.573,31778868
 2024/08/01,0.572,0.575,0.566,0.567,29349188
 2024/08/02,0.566,0.571,0.558,0.561,26050968
 2024/08/05,0.56,0.573,0.553,0.553,36659600
 2024/08/06,0.56,0.575,0.559,0.573,41135200
 2024/08/07,0.57,0.577,0.568,0.572,29882200
 2024/08/08,0.57,0.574,0.566,0.569,23135300
 2024/08/09,0.574,0.574,0.561,0.562,23365738
 2024/08/12,0.567,0.571,0.558,0.56,22602064
 2024/08/13,0.56,0.564,0.552,0.561,23436588
 2024/08/14,0.561,0.568,0.554,0.554,14038956
 2024/08/15,0.553,0.568,0.549,0.562,23945316
 2024/08/16,0.562,0.562,0.554,0.555,20514100
 2024/08/19,0.553,0.555,0.548,0.549,20099396
 2024/08/20,0.548,0.55,0.54,0.542,16558178
 2024/08/21,0.542,0.543,0.536,0.537,18911100
 2024/08/22,0.537,0.539,0.526,0.527,23999100
 2024/08/23,0.527,0.531,0.525,0.527,19064128
 2024/08/26,0.525,0.539,0.525,0.533,22158562
 2024/08/27,0.532,0.534,0.521,0.528,27052300
 2024/08/28,0.528,0.53,0.522,0.528,19424972
 2024/08/29,0.527,0.553,0.527,0.547,33879384
 2024/08/30,0.545,0.563,0.544,0.554,29262000
 2024/09/02,0.55,0.559,0.542,0.543,22624400
 2024/09/03,0.543,0.553,0.54,0.549,24454942
 2024/09/04,0.549,0.559,0.546,0.551,24736700
 2024/09/05,0.551,0.562,0.551,0.555,23460638
 2024/09/06,0.555,0.555,0.542,0.543,18927436
 2024/09/09,0.539,0.546,0.535,0.538,19028248
 2024/09/10,0.537,0.54,0.53,0.537,24264386
 2024/09/11,0.535,0.548,0.534,0.546,27661200
 2024/09/12,0.546,0.562,0.545,0.547,31891068
 2024/09/13,0.547,0.548,0.535,0.536,25023200
 2024/09/18,0.536,0.536,0.528,0.532,25328448
 2024/09/19,0.538,0.547,0.53,0.539,27323496
 2024/09/20,0.54,0.54,0.526,0.533,27011940
 2024/09/23,0.534,0.534,0.523,0.525,27852500
 2024/09/24,0.526,0.545,0.523,0.544,38583544
 2024/09/25,0.548,0.564,0.546,0.549,31662000
 2024/09/26,0.55,0.573,0.544,0.572,47562480
 2024/09/27,0.581,0.613,0.581,0.612,35569648
 2024/09/30,0.642,0.673,0.634,0.673,61571640
 2024/10/08,0.74,0.74,0.698,0.74,77412312
 2024/10/09,0.739,0.739,0.681,0.684,62278444
 2024/10/10,0.684,0.699,0.667,0.68,43693552
 2024/10/11,0.679,0.679,0.64,0.648,34652736
 2024/10/14,0.639,0.662,0.639,0.659,29614750
 2024/10/15,0.657,0.659,0.641,0.642,30749736
 2024/10/16,0.624,0.643,0.621,0.626,34796976
 2024/10/17,0.632,0.633,0.616,0.617,30386732
 2024/10/18,0.615,0.66,0.614,0.644,48337744
 2024/10/21,0.665,0.685,0.648,0.669,82070704
 2024/10/22,0.666,0.689,0.65,0.684,63670888
 2024/10/23,0.688,0.74,0.676,0.722,122025384
 2024/10/24,0.725,0.725,0.691,0.693,81563392
 2024/10/25,0.693,0.762,0.691,0.758,217171120
 2024/10/28,0.755,0.755,0.725,0.743,143334480
 2024/10/29,0.755,0.777,0.723,0.724,121460400
 2024/10/30,0.71,0.737,0.708,0.731,69838112
 2024/10/31,0.747,0.765,0.74,0.755,96785024
 2024/11/01,0.754,0.754,0.725,0.733,61524280
 2024/11/04,0.729,0.746,0.727,0.737,45564688
 2024/11/05,0.736,0.755,0.729,0.754,65337048
 2024/11/06,0.76,0.771,0.743,0.747,69266752
 2024/11/07,0.725,0.745,0.71,0.744,73458568
 2024/11/08,0.747,0.755,0.74,0.744,55776280
 2024/11/11,0.744,0.766,0.737,0.763,62815072
 2024/11/12,0.765,0.779,0.747,0.754,53083484
 2024/11/13,0.748,0.757,0.742,0.757,28556846
 2024/11/14,0.761,0.763,0.734,0.738,39743688
 2024/11/15,0.735,0.739,0.711,0.712,40502288
 2024/11/18,0.708,0.715,0.691,0.698,34530548
 2024/11/19,0.7,0.716,0.691,0.715,38040872
 2024/11/20,0.712,0.714,0.703,0.713,32286392
 2024/11/21,0.72,0.729,0.706,0.712,51970000
 2024/11/22,0.708,0.709,0.68,0.682,41248780
 2024/11/25,0.679,0.686,0.673,0.682,29567868
 2024/11/26,0.683,0.698,0.679,0.682,29994296
 2024/11/27,0.678,0.696,0.673,0.696,28543592
 2024/11/28,0.696,0.704,0.691,0.692,24154896
 2024/11/29,0.692,0.708,0.689,0.701,26758992
 2024/12/02,0.692,0.706,0.684,0.706,42981176
 2024/12/03,0.705,0.711,0.7,0.706,22781524
 2024/12/04,0.701,0.706,0.686,0.688,29949834
 2024/12/05,0.687,0.69,0.683,0.689,23690588
 2024/12/06,0.687,0.692,0.672,0.691,39863432
 2024/12/09,0.689,0.69,0.678,0.683,20451672
 2024/12/10,0.699,0.702,0.683,0.684,37381628
 2024/12/11,0.685,0.689,0.68,0.687,19101418
 2024/12/12,0.687,0.691,0.681,0.69,21916696
 2024/12/13,0.687,0.687,0.67,0.671,28289248
 2024/12/16,0.671,0.672,0.658,0.661,27034716
 2024/12/17,0.661,0.665,0.655,0.657,19167742
 2024/12/18,0.656,0.66,0.654,0.656,16098000
 2024/12/19,0.65,0.655,0.645,0.655,18177570
 2024/12/20,0.655,0.656,0.65,0.652,17855362
 2024/12/23,0.651,0.662,0.65,0.652,26169186
 2024/12/24,0.65,0.665,0.65,0.661,22973276
 2024/12/25,0.664,0.666,0.651,0.656,18546100
 2024/12/26,0.654,0.657,0.652,0.655,13726626
 2024/12/27,0.652,0.658,0.65,0.651,23772228
 2024/12/30,0.651,0.655,0.647,0.654,17376436
 2024/12/31,0.653,0.659,0.636,0.637,27139200
 2025/01/02,0.637,0.638,0.616,0.625,29761442
 2025/01/03,0.634,0.634,0.605,0.607,29580200
 2025/01/06,0.61,0.616,0.603,0.609,24015144
 2025/01/07,0.609,0.613,0.604,0.612,22370500
 2025/01/08,0.61,0.615,0.598,0.609,28587400
 2025/01/09,0.606,0.618,0.605,0.606,20441696
 2025/01/10,0.605,0.606,0.585,0.587,39316372
 2025/01/13,0.58,0.593,0.58,0.588,20043280
 2025/01/14,0.588,0.61,0.587,0.608,37834392
 2025/01/15,0.607,0.622,0.6,0.613,34472040
 2025/01/16,0.613,0.626,0.611,0.618,28679088
 2025/01/17,0.615,0.623,0.611,0.618,26104130
 2025/01/20,0.619,0.627,0.618,0.621,20126500
 2025/01/21,0.621,0.624,0.608,0.612,22863400
 2025/01/22,0.61,0.61,0.6,0.603,19305628
 2025/01/23,0.605,0.613,0.6,0.601,26256988
 2025/01/24,0.6,0.613,0.598,0.612,25860344
 2025/01/27,0.609,0.616,0.601,0.602,25237886
 2025/02/05,0.602,0.608,0.596,0.602,23606600
 2025/02/06,0.598,0.613,0.595,0.613,35592168
 2025/02/07,0.613,0.643,0.61,0.637,66094656
 2025/02/10,0.637,0.637,0.622,0.63,40537776
 2025/02/11,0.629,0.629,0.616,0.619,25202996
 2025/02/12,0.619,0.624,0.615,0.624,29994804
 2025/02/13,0.623,0.623,0.616,0.617,26210246
 2025/02/14,0.615,0.624,0.615,0.62,35752096
 2025/02/17,0.621,0.625,0.618,0.623,28891404
 2025/02/18,0.625,0.631,0.612,0.613,50702028
 2025/02/19,0.609,0.623,0.609,0.622,40087192
 2025/02/20,0.62,0.621,0.612,0.616,27396234
 2025/02/21,0.617,0.622,0.61,0.619,29872962
 2025/02/24,0.617,0.628,0.614,0.627,38799016
 2025/02/25,0.621,0.631,0.618,0.627,40598936
 2025/02/26,0.63,0.648,0.628,0.647,75287488
 2025/02/27,0.647,0.647,0.63,0.639,50856800
 2025/02/28,0.636,0.643,0.624,0.627,32483232
 2025/03/03,0.625,0.641,0.625,0.63,42003104
 2025/03/04,0.628,0.631,0.62,0.631,26234316
 2025/03/05,0.629,0.63,0.615,0.621,39671560
 2025/03/06,0.626,0.632,0.619,0.629,39958800
 2025/03/07,0.627,0.632,0.619,0.626,37045796
 2025/03/10,0.623,0.633,0.623,0.629,30204632
 2025/03/11,0.623,0.632,0.619,0.63,25996212
 2025/03/12,0.633,0.635,0.629,0.63,29836466
 2025/03/13,0.63,0.633,0.621,0.626,22262294
 2025/03/14,0.625,0.638,0.622,0.636,38520988
 2025/03/17,0.641,0.646,0.637,0.639,33430892
 2025/03/18,0.641,0.644,0.638,0.643,19221700
 2025/03/19,0.643,0.646,0.635,0.639,22455040
 2025/03/20,0.635,0.64,0.632,0.633,25983800
 2025/03/21,0.631,0.637,0.624,0.626,33599452
 2025/03/24,0.627,0.629,0.614,0.623,35046360
 2025/03/25,0.622,0.633,0.621,0.628,27111642
 2025/03/26,0.628,0.642,0.626,0.635,31585116
 2025/03/27,0.633,0.634,0.624,0.626,24250994
 2025/03/28,0.626,0.634,0.62,0.622,21606994
 2025/03/31,0.621,0.621,0.6,0.602,51386700
 2025/04/01,0.602,0.615,0.602,0.609,26762744
 2025/04/02,0.608,0.613,0.605,0.609,15706932
 2025/04/03,0.603,0.606,0.594,0.597,40029800
 2025/04/07,0.573,0.573,0.537,0.537,47637684
 2025/04/08,0.523,0.538,0.523,0.529,18339862
#数据来源:通达信,,,,,
