                  电池ETF (561910),,,,,
,,,,,
      时间,    开盘,    最高,    最低,    收盘,         成交量
,,,,,
 2021/08/12,0.996,1.014,0.982,1.005,111253488
 2021/08/13,0.998,1.041,0.995,1.01,69364888
 2021/08/16,1.008,1.008,0.943,0.952,49666500
 2021/08/17,0.953,0.962,0.928,0.935,29608300
 2021/08/18,0.933,0.958,0.924,0.93,28296300
 2021/08/19,0.922,0.972,0.92,0.961,37644600
 2021/08/20,0.955,0.975,0.945,0.961,23583000
 2021/08/23,0.962,0.984,0.949,0.981,29048992
 2021/08/24,0.981,1.019,0.981,1.007,39734800
 2021/08/25,1.011,1.014,0.987,1.013,25401800
 2021/08/26,1.012,1.035,0.998,1.001,24109400
 2021/08/27,0.996,1.014,0.986,1.01,24621900
 2021/08/30,1.01,1.05,1,1.026,46282400
 2021/08/31,1.027,1.027,0.999,1.012,33045500
 2021/09/01,1.005,1.016,0.949,0.966,35567000
 2021/09/02,0.966,0.984,0.96,0.974,21711600
 2021/09/03,0.973,0.981,0.937,0.946,28321900
 2021/09/06,0.956,0.972,0.93,0.971,30232500
 2021/09/07,0.97,1.015,0.966,1.013,42530100
 2021/09/08,1.01,1.02,0.992,0.997,25433300
 2021/09/09,1.01,1.018,0.986,1.003,18298000
 2021/09/10,1.003,1.018,0.993,1.015,25500298
 2021/09/13,1.015,1.024,0.992,1.004,15602300
 2021/09/14,1.008,1.058,0.989,1.042,53249400
 2021/09/15,1.035,1.052,1.032,1.044,22766700
 2021/09/16,1.039,1.042,1,1.001,33426300
 2021/09/17,1.001,1.021,0.982,1.01,31535300
 2021/09/22,0.998,1.013,0.993,1.004,23986200
 2021/09/23,1.009,1.017,0.997,1,24039200
 2021/09/24,1.004,1.04,0.986,1.015,34356600
 2021/09/27,1.015,1.031,0.972,0.994,32351300
 2021/09/28,0.994,1.004,0.969,0.973,32864700
 2021/09/29,0.974,0.984,0.951,0.956,27465200
 2021/09/30,0.97,1.005,0.961,1,38840600
 2021/10/08,1.002,1.019,0.97,0.98,30034100
 2021/10/11,0.981,0.986,0.952,0.972,26636900
 2021/10/12,0.965,0.971,0.932,0.945,31272800
 2021/10/13,0.945,0.983,0.945,0.979,37187500
 2021/10/14,0.979,1.001,0.97,0.99,33822300
 2021/10/15,0.989,1.023,0.979,1.018,34157100
 2021/10/18,1.021,1.049,1.016,1.048,36251300
 2021/10/19,1.054,1.067,1.04,1.052,32783200
 2021/10/20,1.056,1.087,1.053,1.07,30089088
 2021/10/21,1.07,1.077,1.051,1.062,22223800
 2021/10/22,1.066,1.075,1.05,1.052,30385800
 2021/10/25,1.052,1.101,1.051,1.095,29956788
 2021/10/26,1.108,1.123,1.087,1.095,29306200
 2021/10/27,1.092,1.13,1.091,1.12,23719200
 2021/10/28,1.12,1.135,1.094,1.096,23517600
 2021/10/29,1.09,1.106,1.068,1.103,32264900
 2021/11/01,1.102,1.11,1.077,1.091,30604600
 2021/11/02,1.1,1.104,1.072,1.083,22854300
 2021/11/03,1.084,1.084,1.052,1.068,27401100
 2021/11/04,1.07,1.097,1.07,1.081,33618100
 2021/11/05,1.082,1.089,1.057,1.061,27271200
 2021/11/08,1.068,1.109,1.062,1.104,35544300
 2021/11/09,1.11,1.128,1.098,1.108,21636400
 2021/11/10,1.107,1.107,1.071,1.091,25018800
 2021/11/11,1.095,1.108,1.086,1.092,23954800
 2021/11/12,1.092,1.103,1.089,1.103,24494500
 2021/11/15,1.103,1.103,1.054,1.061,30393900
 2021/11/16,1.055,1.065,1.041,1.044,22434100
 2021/11/17,1.055,1.067,1.05,1.065,23261000
 2021/11/18,1.065,1.075,1.047,1.062,23987600
 2021/11/19,1.07,1.075,1.056,1.068,26685800
 2021/11/22,1.069,1.12,1.069,1.12,33812300
 2021/11/23,1.128,1.129,1.101,1.11,20080200
 2021/11/24,1.109,1.121,1.087,1.092,31051200
 2021/11/25,1.095,1.095,1.076,1.084,24346700
 2021/11/26,1.084,1.114,1.084,1.108,31215700
 2021/11/29,1.098,1.14,1.09,1.136,37293528
 2021/11/30,1.138,1.141,1.121,1.132,26010728
 2021/12/01,1.127,1.142,1.111,1.124,22407100
 2021/12/02,1.123,1.133,1.116,1.125,18692900
 2021/12/03,1.13,1.13,1.113,1.125,24857000
 2021/12/06,1.119,1.121,1.087,1.089,32756600
 2021/12/07,1.099,1.108,1.042,1.059,40554100
 2021/12/08,1.061,1.085,1.061,1.081,26754000
 2021/12/09,1.08,1.081,1.07,1.075,25713100
 2021/12/10,1.067,1.093,1.066,1.091,29495400
 2021/12/13,1.092,1.092,1.068,1.083,31548400
 2021/12/14,1.079,1.082,1.066,1.072,28673900
 2021/12/15,1.066,1.08,1.064,1.067,19385700
 2021/12/16,1.07,1.075,1.06,1.069,20492100
 2021/12/17,1.069,1.069,1.038,1.042,33429700
 2021/12/20,1.042,1.042,0.995,1,31213700
 2021/12/21,1.001,1.01,0.983,0.999,26260800
 2021/12/22,1,1.015,1,1.013,27207500
 2021/12/23,1.021,1.022,1.005,1.009,21304100
 2021/12/24,1.015,1.015,0.954,0.964,46808200
 2021/12/27,0.96,0.978,0.958,0.968,17485400
 2021/12/28,0.968,0.994,0.968,0.992,24001400
 2021/12/29,0.994,0.998,0.983,0.985,23574100
 2021/12/30,0.986,0.997,0.984,0.989,18858400
 2021/12/31,0.99,1.007,0.99,0.999,25442000
 2022/01/04,1.009,1.017,0.965,0.975,31043900
 2022/01/05,0.973,0.973,0.929,0.935,31071800
 2022/01/06,0.931,0.936,0.909,0.931,22664600
 2022/01/07,0.932,0.937,0.904,0.912,27221600
 2022/01/10,0.912,0.921,0.898,0.91,20738600
 2022/01/11,0.91,0.924,0.9,0.902,22472100
 2022/01/12,0.92,0.943,0.915,0.942,38702700
 2022/01/13,0.944,0.947,0.918,0.93,24653900
 2022/01/14,0.925,0.95,0.921,0.944,20321000
 2022/01/17,0.94,0.97,0.94,0.966,17000000
 2022/01/18,0.963,0.968,0.952,0.957,18990300
 2022/01/19,0.958,0.958,0.915,0.927,22750800
 2022/01/20,0.924,0.931,0.916,0.917,13786700
 2022/01/21,0.92,0.933,0.907,0.922,17169700
 2022/01/24,0.921,0.947,0.913,0.942,19408600
 2022/01/25,0.94,0.949,0.916,0.918,25182900
 2022/01/26,0.918,0.933,0.913,0.929,23832700
 2022/01/27,0.929,0.931,0.891,0.894,21968000
 2022/01/28,0.898,0.91,0.877,0.892,22770000
 2022/02/07,0.907,0.926,0.893,0.898,25080800
 2022/02/08,0.898,0.898,0.838,0.857,34031500
 2022/02/09,0.857,0.866,0.837,0.863,36486200
 2022/02/10,0.863,0.871,0.825,0.836,34770600
 2022/02/11,0.828,0.842,0.815,0.817,28239000
 2022/02/14,0.816,0.832,0.804,0.818,22595400
 2022/02/15,0.819,0.859,0.819,0.859,44496100
 2022/02/16,0.859,0.869,0.852,0.858,31403300
 2022/02/17,0.857,0.893,0.851,0.882,38136900
 2022/02/18,0.874,0.879,0.866,0.872,28812800
 2022/02/21,0.867,0.877,0.858,0.867,20713300
 2022/02/22,0.854,0.866,0.85,0.865,25277600
 2022/02/23,0.865,0.899,0.865,0.898,33049200
 2022/02/24,0.889,0.91,0.875,0.892,39036400
 2022/02/25,0.897,0.923,0.897,0.91,21768200
 2022/02/28,0.91,0.921,0.902,0.921,24333900
 2022/03/01,0.923,0.936,0.911,0.918,24702800
 2022/03/02,0.912,0.912,0.89,0.899,18765700
 2022/03/03,0.901,0.905,0.876,0.877,26394600
 2022/03/04,0.87,0.88,0.848,0.851,25157100
 2022/03/07,0.849,0.849,0.811,0.816,19019700
 2022/03/08,0.808,0.825,0.791,0.798,21067300
 2022/03/09,0.807,0.807,0.76,0.796,24435800
 2022/03/10,0.816,0.848,0.816,0.841,36899500
 2022/03/11,0.821,0.839,0.81,0.838,26505400
 2022/03/14,0.828,0.828,0.808,0.811,19959100
 2022/03/15,0.791,0.835,0.79,0.801,29654900
 2022/03/16,0.812,0.85,0.795,0.848,29038100
 2022/03/17,0.86,0.882,0.853,0.861,34225700
 2022/03/18,0.858,0.86,0.841,0.86,24115300
 2022/03/21,0.858,0.877,0.856,0.864,17755100
 2022/03/22,0.853,0.866,0.845,0.85,23789200
 2022/03/23,0.855,0.866,0.844,0.851,24381000
 2022/03/24,0.841,0.851,0.825,0.843,26969500
 2022/03/25,0.838,0.843,0.815,0.817,21092300
 2022/03/28,0.83,0.83,0.788,0.796,27644000
 2022/03/29,0.8,0.814,0.794,0.802,27731700
 2022/03/30,0.806,0.836,0.806,0.836,26815300
 2022/03/31,0.83,0.835,0.806,0.811,21858800
 2022/04/01,0.792,0.825,0.792,0.815,16872900
 2022/04/06,0.815,0.815,0.786,0.794,28156700
 2022/04/07,0.788,0.794,0.774,0.778,19742000
 2022/04/08,0.774,0.789,0.764,0.772,17627400
 2022/04/11,0.769,0.769,0.722,0.727,18885592
 2022/04/12,0.73,0.735,0.719,0.734,22818300
 2022/04/13,0.736,0.736,0.715,0.723,23389700
 2022/04/14,0.727,0.73,0.703,0.711,33366500
 2022/04/15,0.704,0.707,0.679,0.696,32121100
 2022/04/18,0.692,0.711,0.679,0.71,34398500
 2022/04/19,0.706,0.724,0.704,0.708,27579700
 2022/04/20,0.707,0.707,0.67,0.673,32125100
 2022/04/21,0.671,0.676,0.643,0.646,28730400
 2022/04/22,0.646,0.649,0.636,0.637,29331000
 2022/04/25,0.613,0.62,0.586,0.587,41466600
 2022/04/26,0.587,0.593,0.567,0.569,39355400
 2022/04/27,0.551,0.626,0.551,0.626,49862500
 2022/04/28,0.619,0.633,0.608,0.619,46132500
 2022/04/29,0.628,0.65,0.605,0.646,42392100
 2022/05/05,0.638,0.652,0.615,0.641,37072000
 2022/05/06,0.617,0.646,0.617,0.633,44381400
 2022/05/09,0.633,0.641,0.621,0.633,41774900
 2022/05/10,0.629,0.661,0.621,0.66,44407400
 2022/05/11,0.661,0.713,0.659,0.697,42748100
 2022/05/12,0.694,0.698,0.683,0.688,42428600
 2022/05/13,0.692,0.705,0.686,0.699,46776600
 2022/05/16,0.702,0.718,0.691,0.693,43880000
 2022/05/17,0.693,0.722,0.691,0.721,53540100
 2022/05/18,0.723,0.731,0.714,0.723,42227300
 2022/05/19,0.71,0.739,0.71,0.737,46584700
 2022/05/20,0.749,0.751,0.73,0.744,43461900
 2022/05/23,0.74,0.743,0.728,0.742,45099400
 2022/05/24,0.74,0.74,0.708,0.71,42815700
 2022/05/25,0.71,0.715,0.696,0.708,36815500
 2022/05/26,0.705,0.72,0.694,0.705,39152200
 2022/05/27,0.716,0.728,0.702,0.706,39187700
 2022/05/30,0.715,0.719,0.707,0.718,30063900
 2022/05/31,0.718,0.732,0.706,0.729,38208400
 2022/06/01,0.725,0.754,0.721,0.749,49336400
 2022/06/02,0.742,0.774,0.741,0.771,49210100
 2022/06/06,0.771,0.819,0.771,0.813,56202900
 2022/06/07,0.817,0.82,0.798,0.809,47086300
 2022/06/08,0.803,0.821,0.79,0.812,47999300
 2022/06/09,0.81,0.81,0.788,0.794,45681100
 2022/06/10,0.787,0.825,0.783,0.823,49764700
 2022/06/13,0.815,0.848,0.809,0.841,54414500
 2022/06/14,0.826,0.842,0.813,0.839,45415404
 2022/06/15,0.842,0.856,0.824,0.833,37539900
 2022/06/16,0.832,0.849,0.829,0.838,42205600
 2022/06/17,0.829,0.881,0.825,0.88,46907300
 2022/06/20,0.881,0.915,0.881,0.904,57801200
 2022/06/21,0.904,0.904,0.876,0.89,42993700
 2022/06/22,0.891,0.917,0.89,0.897,44215900
 2022/06/23,0.905,0.935,0.892,0.935,53501400
 2022/06/24,0.94,0.969,0.925,0.948,54729800
 2022/06/27,0.953,0.959,0.94,0.949,47659200
 2022/06/28,0.948,0.96,0.936,0.957,45913700
 2022/06/29,0.958,0.958,0.915,0.917,48192800
 2022/06/30,0.91,0.938,0.91,0.93,53732000
 2022/07/01,0.931,0.938,0.921,0.926,34504400
 2022/07/04,0.903,0.952,0.903,0.952,48269800
 2022/07/05,0.952,0.971,0.931,0.95,46155100
 2022/07/06,0.95,0.961,0.933,0.946,39857800
 2022/07/07,0.942,0.992,0.942,0.992,59105300
 2022/07/08,1,1.005,0.958,0.96,55276900
 2022/07/11,0.957,0.957,0.922,0.935,35903600
 2022/07/12,0.931,0.944,0.909,0.913,36803000
 2022/07/13,0.91,0.946,0.898,0.938,54269400
 2022/07/14,0.937,0.988,0.93,0.981,49753900
 2022/07/15,0.972,0.991,0.964,0.965,46964300
 2022/07/18,0.966,0.99,0.956,0.98,51534500
 2022/07/19,0.975,0.982,0.958,0.962,33623000
 2022/07/20,0.972,0.972,0.953,0.955,48114900
 2022/07/21,0.951,0.971,0.942,0.945,31585000
 2022/07/22,0.945,0.957,0.929,0.937,36780800
 2022/07/25,0.928,0.94,0.92,0.926,33272400
 2022/07/26,0.926,0.943,0.913,0.933,43209700
 2022/07/27,0.932,0.949,0.924,0.946,33741100
 2022/07/28,0.958,0.96,0.929,0.934,33690000
 2022/07/29,0.934,0.947,0.924,0.928,30794000
 2022/08/01,0.92,0.963,0.901,0.963,50182900
 2022/08/02,0.95,0.963,0.935,0.946,58485700
 2022/08/03,0.952,0.965,0.91,0.916,49874900
 2022/08/04,0.92,0.926,0.895,0.909,45175000
 2022/08/05,0.908,0.928,0.901,0.916,49373200
 2022/08/08,0.913,0.925,0.898,0.923,36880500
 2022/08/09,0.923,0.954,0.915,0.939,44602400
 2022/08/10,0.942,0.944,0.926,0.93,41654100
 2022/08/11,0.94,0.945,0.91,0.944,46609900
 2022/08/12,0.938,0.945,0.922,0.925,34746200
 2022/08/15,0.92,0.963,0.92,0.951,38874500
 2022/08/16,0.953,0.972,0.951,0.962,51518300
 2022/08/17,0.962,0.969,0.945,0.964,42734600
 2022/08/18,0.965,0.988,0.96,0.976,55998600
 2022/08/19,0.975,0.977,0.944,0.948,45420200
 2022/08/22,0.94,0.971,0.932,0.969,51468400
 2022/08/23,0.972,0.988,0.965,0.982,45711800
 2022/08/24,0.99,0.993,0.934,0.939,55675800
 2022/08/25,0.944,0.944,0.905,0.916,44799700
 2022/08/26,0.92,0.929,0.905,0.907,53501800
 2022/08/29,0.9,0.905,0.84,0.9,41757900
 2022/08/30,0.9,0.904,0.889,0.893,41933900
 2022/08/31,0.892,0.892,0.841,0.844,69335400
 2022/09/01,0.848,0.854,0.833,0.834,39331000
 2022/09/02,0.834,0.841,0.817,0.829,37114100
 2022/09/05,0.823,0.845,0.823,0.84,26586800
 2022/09/06,0.841,0.856,0.823,0.855,28837500
 2022/09/07,0.852,0.885,0.848,0.876,55498000
 2022/09/08,0.873,0.876,0.853,0.856,50973100
 2022/09/09,0.854,0.871,0.845,0.856,38834300
 2022/09/13,0.859,0.866,0.844,0.852,34103700
 2022/09/14,0.838,0.847,0.826,0.833,35722500
 2022/09/15,0.833,0.837,0.78,0.79,50024500
 2022/09/16,0.789,0.791,0.772,0.773,41619800
 2022/09/19,0.773,0.792,0.773,0.778,35299000
 2022/09/20,0.794,0.809,0.784,0.797,38366900
 2022/09/21,0.792,0.8,0.785,0.792,38211900
 2022/09/22,0.792,0.807,0.78,0.796,33315700
 2022/09/23,0.797,0.803,0.775,0.79,46351400
 2022/09/26,0.786,0.82,0.783,0.808,49997200
 2022/09/27,0.808,0.814,0.792,0.807,39815600
 2022/09/28,0.805,0.805,0.773,0.774,41892100
 2022/09/29,0.775,0.788,0.77,0.781,35234700
 2022/09/30,0.778,0.78,0.75,0.751,37866200
 2022/10/10,0.75,0.756,0.73,0.733,49832100
 2022/10/11,0.736,0.763,0.736,0.755,51122800
 2022/10/12,0.751,0.803,0.741,0.793,79022800
 2022/10/13,0.797,0.804,0.783,0.789,68536304
 2022/10/14,0.793,0.809,0.779,0.803,60573200
 2022/10/17,0.791,0.799,0.778,0.794,43540300
 2022/10/18,0.798,0.813,0.79,0.799,47652700
 2022/10/19,0.799,0.824,0.796,0.805,49483400
 2022/10/20,0.796,0.799,0.767,0.78,50787500
 2022/10/21,0.775,0.79,0.773,0.779,46457200
 2022/10/24,0.782,0.787,0.756,0.762,52935000
 2022/10/25,0.759,0.781,0.75,0.771,49077700
 2022/10/26,0.769,0.784,0.761,0.776,45968900
 2022/10/27,0.779,0.799,0.76,0.761,53196800
 2022/10/28,0.757,0.757,0.72,0.722,55534900
 2022/10/31,0.715,0.736,0.713,0.724,46182600
 2022/11/01,0.728,0.75,0.721,0.749,53355800
 2022/11/02,0.749,0.77,0.738,0.765,49735600
 2022/11/03,0.756,0.778,0.755,0.77,50951300
 2022/11/04,0.774,0.81,0.773,0.809,61930000
 2022/11/07,0.809,0.823,0.803,0.811,44910700
 2022/11/08,0.812,0.822,0.795,0.805,40693100
 2022/11/09,0.805,0.805,0.791,0.793,33934100
 2022/11/10,0.789,0.789,0.765,0.772,50297100
 2022/11/11,0.794,0.798,0.776,0.782,49097800
 2022/11/14,0.779,0.786,0.751,0.756,48041800
 2022/11/15,0.752,0.775,0.748,0.774,51878900
 2022/11/16,0.771,0.774,0.755,0.757,38789400
 2022/11/17,0.757,0.757,0.73,0.738,57894600
 2022/11/18,0.738,0.749,0.728,0.739,39673800
 2022/11/21,0.73,0.749,0.73,0.745,41355600
 2022/11/22,0.742,0.742,0.722,0.726,40812500
 2022/11/23,0.727,0.739,0.712,0.736,49949900
 2022/11/24,0.737,0.754,0.735,0.746,39252100
 2022/11/25,0.74,0.74,0.724,0.724,41421300
 2022/11/28,0.712,0.727,0.707,0.727,32147100
 2022/11/29,0.725,0.732,0.717,0.724,67076900
 2022/11/30,0.725,0.736,0.72,0.729,52737900
 2022/12/01,0.741,0.754,0.741,0.744,53756000
 2022/12/02,0.74,0.757,0.739,0.75,52473200
 2022/12/05,0.75,0.751,0.732,0.738,55879400
 2022/12/06,0.733,0.751,0.722,0.743,56877700
 2022/12/07,0.739,0.767,0.737,0.76,73992800
 2022/12/08,0.757,0.771,0.752,0.762,48172000
 2022/12/09,0.762,0.765,0.754,0.761,36211000
 2022/12/12,0.761,0.761,0.747,0.75,29582700
 2022/12/13,0.746,0.754,0.731,0.732,38934900
 2022/12/14,0.73,0.738,0.723,0.726,33140000
 2022/12/15,0.727,0.747,0.723,0.745,46354800
 2022/12/16,0.74,0.743,0.724,0.726,35790000
 2022/12/19,0.724,0.747,0.724,0.728,40409900
 2022/12/20,0.728,0.731,0.715,0.717,42413300
 2022/12/21,0.718,0.721,0.706,0.71,36796700
 2022/12/22,0.717,0.717,0.694,0.697,41043700
 2022/12/23,0.686,0.696,0.679,0.684,38286600
 2022/12/26,0.683,0.718,0.682,0.717,54688400
 2022/12/27,0.718,0.724,0.71,0.722,35384300
 2022/12/28,0.719,0.719,0.702,0.712,35048300
 2022/12/29,0.711,0.72,0.709,0.711,37000300
 2022/12/30,0.72,0.724,0.706,0.707,34508800
 2023/01/03,0.708,0.716,0.694,0.715,40644000
 2023/01/04,0.709,0.712,0.695,0.699,37346900
 2023/01/05,0.702,0.728,0.698,0.723,45785500
 2023/01/06,0.721,0.752,0.719,0.741,55252200
 2023/01/09,0.742,0.758,0.74,0.744,38664500
 2023/01/10,0.743,0.76,0.737,0.754,50845200
 2023/01/11,0.75,0.757,0.741,0.743,34079900
 2023/01/12,0.743,0.758,0.743,0.748,26852400
 2023/01/13,0.752,0.76,0.739,0.748,33154700
 2023/01/16,0.748,0.754,0.736,0.748,32121400
 2023/01/17,0.749,0.759,0.747,0.754,29628100
 2023/01/18,0.758,0.762,0.752,0.756,22728600
 2023/01/19,0.754,0.756,0.747,0.752,30663200
 2023/01/20,0.754,0.766,0.753,0.765,34039700
 2023/01/30,0.785,0.804,0.785,0.786,52499700
 2023/01/31,0.787,0.793,0.781,0.787,27967900
 2023/02/01,0.788,0.798,0.782,0.792,34828900
 2023/02/02,0.793,0.795,0.782,0.785,31225900
 2023/02/03,0.787,0.787,0.764,0.774,36200700
 2023/02/06,0.772,0.772,0.759,0.765,24213500
 2023/02/07,0.764,0.769,0.758,0.765,24341400
 2023/02/08,0.765,0.772,0.761,0.766,30680300
 2023/02/09,0.763,0.774,0.756,0.772,33921600
 2023/02/10,0.766,0.771,0.757,0.761,29200000
 2023/02/13,0.761,0.768,0.756,0.765,25273200
 2023/02/14,0.768,0.769,0.755,0.761,29826100
 2023/02/15,0.76,0.766,0.753,0.755,19447000
 2023/02/16,0.755,0.758,0.733,0.739,31812600
 2023/02/17,0.736,0.741,0.723,0.723,29387900
 2023/02/20,0.722,0.73,0.709,0.73,33346000
 2023/02/21,0.73,0.731,0.72,0.728,38768100
 2023/02/22,0.727,0.727,0.718,0.721,48981800
 2023/02/23,0.722,0.729,0.721,0.728,57151400
 2023/02/24,0.733,0.734,0.714,0.718,43892900
 2023/02/27,0.714,0.722,0.709,0.714,40309700
 2023/02/28,0.715,0.718,0.709,0.717,37390200
 2023/03/01,0.716,0.716,0.709,0.715,46751400
 2023/03/02,0.714,0.714,0.698,0.701,57163300
 2023/03/03,0.7,0.704,0.696,0.699,49125700
 2023/03/06,0.7,0.707,0.686,0.707,61450300
 2023/03/07,0.704,0.707,0.699,0.7,50571700
 2023/03/08,0.698,0.704,0.691,0.695,45708300
 2023/03/09,0.695,0.699,0.689,0.693,46534400
 2023/03/10,0.693,0.694,0.682,0.688,48722700
 2023/03/13,0.685,0.688,0.674,0.677,55646100
 2023/03/14,0.677,0.677,0.651,0.667,69041400
 2023/03/15,0.667,0.68,0.662,0.664,54986100
 2023/03/16,0.66,0.661,0.643,0.645,68676400
 2023/03/17,0.649,0.65,0.637,0.638,57634100
 2023/03/20,0.633,0.651,0.629,0.646,55159100
 2023/03/21,0.648,0.66,0.641,0.658,69565696
 2023/03/22,0.663,0.672,0.659,0.662,57481000
 2023/03/23,0.662,0.665,0.655,0.659,54710600
 2023/03/24,0.659,0.668,0.651,0.662,48617900
 2023/03/27,0.661,0.671,0.658,0.67,57461800
 2023/03/28,0.667,0.669,0.66,0.661,56741800
 2023/03/29,0.666,0.674,0.662,0.665,54402600
 2023/03/30,0.666,0.667,0.658,0.667,45007200
 2023/03/31,0.669,0.68,0.668,0.67,53667100
 2023/04/03,0.67,0.676,0.664,0.669,65131200
 2023/04/04,0.668,0.668,0.646,0.654,59473300
 2023/04/06,0.653,0.655,0.643,0.652,55426600
 2023/04/07,0.652,0.661,0.65,0.654,52778100
 2023/04/10,0.655,0.682,0.655,0.678,157093104
 2023/04/11,0.676,0.679,0.668,0.672,114518400
 2023/04/12,0.669,0.672,0.657,0.661,74485296
 2023/04/13,0.661,0.664,0.652,0.657,48662800
 2023/04/14,0.657,0.676,0.655,0.67,92623200
 2023/04/17,0.669,0.681,0.669,0.674,66196500
 2023/04/18,0.675,0.687,0.674,0.682,91004000
 2023/04/19,0.682,0.684,0.673,0.678,78912496
 2023/04/20,0.676,0.676,0.654,0.658,90045400
 2023/04/21,0.66,0.668,0.646,0.648,99556096
 2023/04/24,0.648,0.648,0.628,0.631,101888896
 2023/04/25,0.632,0.635,0.605,0.608,77160600
 2023/04/26,0.606,0.654,0.604,0.648,120643800
 2023/04/27,0.646,0.657,0.643,0.65,61378400
 2023/04/28,0.648,0.652,0.637,0.643,66136200
 2023/05/04,0.643,0.652,0.636,0.64,55698400
 2023/05/05,0.638,0.64,0.621,0.626,62175500
 2023/05/08,0.631,0.635,0.622,0.63,63090400
 2023/05/09,0.629,0.63,0.617,0.618,64742800
 2023/05/10,0.618,0.641,0.61,0.634,88493696
 2023/05/11,0.633,0.655,0.631,0.647,89324704
 2023/05/12,0.645,0.652,0.635,0.635,59125300
 2023/05/15,0.639,0.663,0.639,0.663,118356096
 2023/05/16,0.665,0.666,0.655,0.662,81205104
 2023/05/17,0.66,0.666,0.651,0.66,53301900
 2023/05/18,0.66,0.663,0.642,0.65,67149904
 2023/05/19,0.645,0.651,0.642,0.647,50436900
 2023/05/22,0.647,0.651,0.64,0.649,63312700
 2023/05/23,0.648,0.653,0.64,0.641,66476100
 2023/05/24,0.64,0.649,0.637,0.64,78382704
 2023/05/25,0.639,0.648,0.634,0.645,79924600
 2023/05/26,0.644,0.644,0.627,0.632,67876000
 2023/05/29,0.632,0.633,0.615,0.618,78067904
 2023/05/30,0.618,0.627,0.614,0.622,80741400
 2023/05/31,0.621,0.622,0.613,0.616,72526800
 2023/06/01,0.618,0.626,0.612,0.616,79613296
 2023/06/02,0.618,0.632,0.615,0.628,76622496
 2023/06/05,0.63,0.633,0.613,0.618,53786900
 2023/06/06,0.616,0.617,0.609,0.611,52297200
 2023/06/07,0.608,0.61,0.595,0.597,67526704
 2023/06/08,0.594,0.605,0.594,0.596,51808700
 2023/06/09,0.596,0.605,0.594,0.598,40491700
 2023/06/12,0.597,0.607,0.591,0.605,64049300
 2023/06/13,0.605,0.607,0.598,0.603,42623900
 2023/06/14,0.603,0.605,0.594,0.594,46700100
 2023/06/15,0.593,0.629,0.593,0.629,141090208
 2023/06/16,0.63,0.635,0.624,0.634,87656304
 2023/06/19,0.631,0.637,0.627,0.629,35955900
 2023/06/20,0.629,0.638,0.626,0.632,67139400
 2023/06/21,0.632,0.639,0.619,0.621,48155200
 2023/06/26,0.614,0.633,0.612,0.625,56293300
 2023/06/27,0.62,0.629,0.617,0.623,38476500
 2023/06/28,0.623,0.628,0.618,0.624,41307800
 2023/06/29,0.622,0.633,0.621,0.622,44407800
 2023/06/30,0.622,0.644,0.62,0.64,156457200
 2023/07/03,0.642,0.656,0.641,0.647,73943104
 2023/07/04,0.646,0.652,0.644,0.646,48813300
 2023/07/05,0.646,0.65,0.64,0.641,109705400
 2023/07/06,0.639,0.642,0.633,0.634,110214800
 2023/07/07,0.634,0.635,0.626,0.626,39512000
 2023/07/10,0.625,0.643,0.625,0.638,51411300
 2023/07/11,0.638,0.642,0.631,0.642,37919300
 2023/07/12,0.644,0.648,0.637,0.641,55482800
 2023/07/13,0.642,0.652,0.642,0.645,29974600
 2023/07/14,0.645,0.645,0.633,0.635,47479600
 2023/07/17,0.632,0.632,0.621,0.625,43302400
 2023/07/18,0.626,0.627,0.618,0.623,39318100
 2023/07/19,0.623,0.623,0.61,0.614,104040896
 2023/07/20,0.614,0.622,0.608,0.61,54444000
 2023/07/21,0.61,0.612,0.602,0.607,53155300
 2023/07/24,0.604,0.604,0.595,0.597,65508800
 2023/07/25,0.603,0.609,0.602,0.609,61981100
 2023/07/26,0.61,0.611,0.605,0.607,47199800
 2023/07/27,0.609,0.616,0.605,0.607,51589400
 2023/07/28,0.604,0.612,0.6,0.611,75249504
 2023/07/31,0.613,0.626,0.613,0.621,80173400
 2023/08/01,0.619,0.623,0.613,0.616,57352400
 2023/08/02,0.615,0.62,0.612,0.613,43838800
 2023/08/03,0.611,0.62,0.611,0.619,43082400
 2023/08/04,0.621,0.63,0.618,0.626,56498500
 2023/08/07,0.624,0.629,0.62,0.622,35905600
 2023/08/08,0.623,0.626,0.619,0.62,38740400
 2023/08/09,0.618,0.623,0.616,0.62,39043000
 2023/08/10,0.62,0.629,0.62,0.626,152431008
 2023/08/11,0.626,0.626,0.61,0.611,45598400
 2023/08/14,0.61,0.61,0.593,0.602,57558100
 2023/08/15,0.601,0.603,0.589,0.593,46679100
 2023/08/16,0.594,0.599,0.587,0.589,44905400
 2023/08/17,0.589,0.591,0.581,0.589,38420700
 2023/08/18,0.59,0.595,0.582,0.582,39177300
 2023/08/21,0.583,0.583,0.566,0.567,129791400
 2023/08/22,0.567,0.572,0.551,0.561,144232896
 2023/08/23,0.559,0.559,0.543,0.543,74541000
 2023/08/24,0.545,0.555,0.542,0.548,168334896
 2023/08/25,0.548,0.548,0.54,0.543,60907200
 2023/08/28,0.566,0.575,0.542,0.544,191263008
 2023/08/29,0.545,0.565,0.543,0.563,84503200
 2023/08/30,0.562,0.569,0.56,0.561,77268496
 2023/08/31,0.562,0.562,0.553,0.555,53147500
 2023/09/01,0.555,0.559,0.553,0.556,33106400
 2023/09/04,0.556,0.56,0.548,0.56,51394200
 2023/09/05,0.558,0.56,0.553,0.557,50622300
 2023/09/06,0.556,0.556,0.549,0.552,46837900
 2023/09/07,0.552,0.552,0.54,0.541,57627100
 2023/09/08,0.536,0.54,0.53,0.534,64360200
 2023/09/11,0.532,0.54,0.528,0.537,42019700
 2023/09/12,0.537,0.543,0.533,0.537,36636500
 2023/09/13,0.537,0.538,0.527,0.529,44134800
 2023/09/14,0.526,0.528,0.519,0.521,37054400
 2023/09/15,0.522,0.523,0.513,0.516,50376900
 2023/09/18,0.515,0.531,0.513,0.524,57093300
 2023/09/19,0.522,0.523,0.515,0.517,53731500
 2023/09/20,0.516,0.517,0.51,0.511,35017000
 2023/09/21,0.51,0.513,0.505,0.507,56855100
 2023/09/22,0.506,0.517,0.505,0.516,59999800
 2023/09/25,0.516,0.516,0.509,0.513,61365600
 2023/09/26,0.513,0.513,0.507,0.507,50655300
 2023/09/27,0.507,0.523,0.507,0.515,51863200
 2023/09/28,0.515,0.519,0.512,0.517,66670300
 2023/10/09,0.516,0.518,0.508,0.514,40713300
 2023/10/10,0.514,0.519,0.509,0.511,53092600
 2023/10/11,0.512,0.517,0.508,0.511,45957500
 2023/10/12,0.511,0.525,0.511,0.524,72589400
 2023/10/13,0.518,0.519,0.509,0.512,55767400
 2023/10/16,0.512,0.512,0.498,0.5,56097400
 2023/10/17,0.5,0.511,0.5,0.504,49827900
 2023/10/18,0.505,0.505,0.495,0.496,63463800
 2023/10/19,0.495,0.496,0.489,0.491,61147900
 2023/10/20,0.488,0.501,0.485,0.496,71319400
 2023/10/23,0.495,0.495,0.477,0.481,68793296
 2023/10/24,0.481,0.487,0.478,0.483,50854700
 2023/10/25,0.486,0.492,0.48,0.481,60221700
 2023/10/26,0.475,0.482,0.465,0.481,60604500
 2023/10/27,0.477,0.503,0.476,0.503,105010896
 2023/10/30,0.501,0.512,0.501,0.509,65320800
 2023/10/31,0.508,0.508,0.498,0.502,52813700
 2023/11/01,0.504,0.505,0.495,0.498,60553700
 2023/11/02,0.5,0.501,0.49,0.491,35681000
 2023/11/03,0.493,0.501,0.492,0.498,51646000
 2023/11/06,0.499,0.522,0.499,0.519,77919000
 2023/11/07,0.518,0.52,0.513,0.518,53625700
 2023/11/08,0.517,0.522,0.514,0.519,69026200
 2023/11/09,0.518,0.524,0.516,0.52,45805500
 2023/11/10,0.517,0.518,0.511,0.515,45810600
 2023/11/13,0.515,0.52,0.513,0.516,38045100
 2023/11/14,0.516,0.519,0.51,0.513,54888600
 2023/11/15,0.519,0.526,0.517,0.521,68626400
 2023/11/16,0.521,0.521,0.508,0.51,46397600
 2023/11/17,0.506,0.513,0.506,0.511,49169600
 2023/11/20,0.511,0.515,0.506,0.514,35552100
 2023/11/21,0.514,0.517,0.508,0.51,66985900
 2023/11/22,0.509,0.509,0.496,0.496,60803400
 2023/11/23,0.496,0.501,0.494,0.5,48256000
 2023/11/24,0.5,0.5,0.491,0.493,61924000
 2023/11/27,0.492,0.492,0.483,0.486,48827600
 2023/11/28,0.486,0.49,0.483,0.49,42784904
 2023/11/29,0.491,0.491,0.482,0.484,49529500
 2023/11/30,0.483,0.488,0.479,0.482,43332000
 2023/12/01,0.483,0.483,0.474,0.479,51987400
 2023/12/04,0.479,0.481,0.472,0.472,46096200
 2023/12/05,0.47,0.477,0.465,0.466,55628200
 2023/12/06,0.465,0.484,0.465,0.477,57481600
 2023/12/07,0.478,0.479,0.469,0.473,43627200
 2023/12/08,0.476,0.477,0.469,0.47,42195100
 2023/12/11,0.469,0.474,0.462,0.473,48460100
 2023/12/12,0.472,0.473,0.468,0.471,53633800
 2023/12/13,0.47,0.47,0.458,0.459,63519000
 2023/12/14,0.464,0.466,0.454,0.456,55415800
 2023/12/15,0.456,0.464,0.454,0.456,48349600
 2023/12/18,0.455,0.456,0.443,0.443,58779500
 2023/12/19,0.443,0.452,0.442,0.45,62716900
 2023/12/20,0.451,0.451,0.443,0.444,54312300
 2023/12/21,0.443,0.458,0.441,0.455,79854200
 2023/12/22,0.453,0.469,0.448,0.463,94703000
 2023/12/25,0.462,0.47,0.46,0.466,52393300
 2023/12/26,0.466,0.466,0.46,0.462,56096700
 2023/12/27,0.462,0.464,0.457,0.461,52893400
 2023/12/28,0.462,0.49,0.457,0.486,100015800
 2023/12/29,0.482,0.49,0.482,0.484,53891000
 2024/01/02,0.484,0.485,0.473,0.475,42540400
 2024/01/03,0.473,0.476,0.468,0.472,48614500
 2024/01/04,0.472,0.472,0.461,0.464,44888500
 2024/01/05,0.463,0.473,0.454,0.456,47662000
 2024/01/08,0.455,0.46,0.449,0.45,52493400
 2024/01/09,0.452,0.461,0.443,0.451,52262700
 2024/01/10,0.451,0.466,0.446,0.46,58117600
 2024/01/11,0.459,0.477,0.456,0.474,74422800
 2024/01/12,0.471,0.48,0.469,0.471,47804700
 2024/01/15,0.467,0.47,0.461,0.464,40337800
 2024/01/16,0.463,0.473,0.46,0.469,46424800
 2024/01/17,0.47,0.47,0.452,0.453,40223000
 2024/01/18,0.452,0.461,0.445,0.459,58841900
 2024/01/19,0.458,0.469,0.453,0.455,54371500
 2024/01/22,0.453,0.453,0.431,0.432,67507600
 2024/01/23,0.433,0.445,0.428,0.438,56840100
 2024/01/24,0.438,0.442,0.421,0.434,70655104
 2024/01/25,0.432,0.439,0.423,0.438,71073000
 2024/01/26,0.435,0.437,0.426,0.427,57339100
 2024/01/29,0.427,0.427,0.408,0.408,55560600
 2024/01/30,0.405,0.413,0.396,0.397,57248200
 2024/01/31,0.394,0.407,0.39,0.391,49888800
 2024/02/01,0.387,0.399,0.386,0.391,61328200
 2024/02/02,0.39,0.391,0.365,0.378,65789700
 2024/02/05,0.375,0.378,0.349,0.37,70958400
 2024/02/06,0.367,0.397,0.364,0.396,70177800
 2024/02/07,0.396,0.414,0.395,0.411,85161104
 2024/02/08,0.412,0.429,0.412,0.421,60356700
 2024/02/19,0.422,0.424,0.411,0.417,43033900
 2024/02/20,0.417,0.417,0.403,0.412,48022100
 2024/02/21,0.408,0.428,0.406,0.419,76883800
 2024/02/22,0.413,0.422,0.413,0.419,46873300
 2024/02/23,0.417,0.426,0.417,0.424,59303200
 2024/02/26,0.425,0.429,0.419,0.423,47303700
 2024/02/27,0.423,0.431,0.42,0.431,44970000
 2024/02/28,0.434,0.448,0.421,0.422,76661000
 2024/02/29,0.42,0.439,0.419,0.438,56919100
 2024/03/01,0.442,0.444,0.434,0.442,60799700
 2024/03/04,0.44,0.447,0.437,0.44,53878500
 2024/03/05,0.434,0.436,0.431,0.433,45225100
 2024/03/06,0.432,0.447,0.43,0.44,54457500
 2024/03/07,0.439,0.441,0.428,0.429,48103700
 2024/03/08,0.428,0.435,0.427,0.433,41459100
 2024/03/11,0.439,0.476,0.439,0.476,124729696
 2024/03/12,0.481,0.481,0.47,0.473,87644304
 2024/03/13,0.47,0.478,0.47,0.473,56117300
 2024/03/14,0.474,0.478,0.464,0.468,64818500
 2024/03/15,0.468,0.468,0.456,0.466,50208400
 2024/03/18,0.47,0.481,0.47,0.481,64200400
 2024/03/19,0.481,0.483,0.475,0.475,39901700
 2024/03/20,0.473,0.48,0.472,0.473,35349900
 2024/03/21,0.476,0.476,0.467,0.47,43339900
 2024/03/22,0.47,0.47,0.456,0.458,45036500
 2024/03/25,0.456,0.458,0.447,0.448,41277900
 2024/03/26,0.448,0.465,0.447,0.463,51582600
 2024/03/27,0.462,0.462,0.443,0.444,46946100
 2024/03/28,0.442,0.455,0.442,0.45,41180400
 2024/03/29,0.449,0.46,0.449,0.455,34501300
 2024/04/01,0.455,0.474,0.455,0.473,61060100
 2024/04/02,0.473,0.481,0.467,0.479,55340300
 2024/04/03,0.479,0.483,0.472,0.473,49421400
 2024/04/08,0.472,0.48,0.461,0.462,36736300
 2024/04/09,0.462,0.481,0.462,0.481,54434100
 2024/04/10,0.481,0.482,0.467,0.471,57163300
 2024/04/11,0.467,0.472,0.46,0.468,40099500
 2024/04/12,0.469,0.469,0.45,0.452,60183900
 2024/04/15,0.449,0.465,0.449,0.458,48654600
 2024/04/16,0.456,0.456,0.438,0.44,49928600
 2024/04/17,0.442,0.451,0.441,0.45,33551100
 2024/04/18,0.447,0.455,0.439,0.449,40911100
 2024/04/19,0.444,0.445,0.432,0.436,49422000
 2024/04/22,0.436,0.439,0.428,0.431,33057400
 2024/04/23,0.433,0.437,0.429,0.431,28853000
 2024/04/24,0.431,0.431,0.423,0.43,33728200
 2024/04/25,0.427,0.438,0.424,0.434,36880900
 2024/04/26,0.438,0.444,0.431,0.443,38842000
 2024/04/29,0.443,0.472,0.443,0.466,74236496
 2024/04/30,0.467,0.467,0.456,0.458,42509300
 2024/05/06,0.468,0.473,0.468,0.472,54937700
 2024/05/07,0.471,0.472,0.465,0.471,27909500
 2024/05/08,0.47,0.47,0.459,0.46,36253000
 2024/05/09,0.465,0.48,0.465,0.476,59240300
 2024/05/10,0.473,0.475,0.465,0.467,35565200
 2024/05/13,0.464,0.466,0.455,0.458,35070100
 2024/05/14,0.459,0.463,0.455,0.457,31974000
 2024/05/15,0.457,0.465,0.452,0.454,40867500
 2024/05/16,0.459,0.459,0.451,0.454,34429800
 2024/05/17,0.455,0.46,0.447,0.46,62030500
 2024/05/20,0.46,0.462,0.456,0.458,43831800
 2024/05/21,0.457,0.457,0.45,0.451,35045000
 2024/05/22,0.454,0.465,0.451,0.464,62148688
 2024/05/23,0.464,0.464,0.45,0.453,50381400
 2024/05/24,0.448,0.453,0.444,0.445,43258200
 2024/05/27,0.446,0.447,0.439,0.446,31473300
 2024/05/28,0.446,0.447,0.441,0.442,19602000
 2024/05/29,0.441,0.454,0.441,0.447,45366000
 2024/05/30,0.447,0.451,0.445,0.446,45800700
 2024/05/31,0.446,0.452,0.445,0.447,30616900
 2024/06/03,0.448,0.448,0.44,0.446,44069500
 2024/06/04,0.446,0.457,0.444,0.456,49856500
 2024/06/05,0.456,0.462,0.452,0.453,213370800
 2024/06/06,0.453,0.455,0.442,0.445,56660500
 2024/06/07,0.443,0.445,0.429,0.434,59315900
 2024/06/11,0.432,0.436,0.427,0.436,39880200
 2024/06/12,0.434,0.436,0.432,0.434,32187500
 2024/06/13,0.433,0.439,0.432,0.434,37540400
 2024/06/14,0.433,0.434,0.426,0.432,38441100
 2024/06/17,0.43,0.444,0.429,0.441,40027700
 2024/06/18,0.44,0.445,0.439,0.442,22584400
 2024/06/19,0.442,0.443,0.433,0.435,39195600
 2024/06/20,0.434,0.434,0.425,0.426,42824700
 2024/06/21,0.425,0.427,0.418,0.422,24917400
 2024/06/24,0.422,0.422,0.411,0.412,100466304
 2024/06/25,0.412,0.415,0.402,0.405,38941500
 2024/06/26,0.405,0.413,0.4,0.412,41497900
 2024/06/27,0.412,0.412,0.402,0.403,38940800
 2024/06/28,0.403,0.408,0.397,0.399,147915200
 2024/07/01,0.399,0.402,0.39,0.398,26753000
 2024/07/02,0.396,0.398,0.392,0.393,28188300
 2024/07/03,0.395,0.399,0.39,0.395,37968100
 2024/07/04,0.395,0.397,0.386,0.388,25994700
 2024/07/05,0.388,0.389,0.384,0.387,32654700
 2024/07/08,0.387,0.387,0.376,0.378,34194300
 2024/07/09,0.378,0.384,0.372,0.383,41879100
 2024/07/10,0.38,0.391,0.38,0.382,38228600
 2024/07/11,0.388,0.397,0.385,0.395,45142500
 2024/07/12,0.396,0.404,0.394,0.399,33796300
 2024/07/15,0.399,0.4,0.395,0.397,25185100
 2024/07/16,0.395,0.407,0.395,0.407,37106400
 2024/07/17,0.406,0.408,0.402,0.404,26449800
 2024/07/18,0.402,0.412,0.399,0.411,45467100
 2024/07/19,0.407,0.415,0.406,0.413,34871300
 2024/07/22,0.411,0.417,0.409,0.414,40367200
 2024/07/23,0.413,0.413,0.4,0.401,29050900
 2024/07/24,0.401,0.402,0.392,0.394,33831500
 2024/07/25,0.391,0.404,0.39,0.399,28541100
 2024/07/26,0.398,0.408,0.398,0.404,16999700
 2024/07/29,0.402,0.403,0.393,0.395,13724300
 2024/07/30,0.395,0.395,0.391,0.394,22957100
 2024/07/31,0.394,0.408,0.39,0.407,23804400
 2024/08/01,0.405,0.408,0.399,0.402,27134600
 2024/08/02,0.4,0.402,0.393,0.396,25228400
 2024/08/05,0.395,0.401,0.388,0.389,30683600
 2024/08/06,0.39,0.398,0.39,0.396,28918400
 2024/08/07,0.395,0.398,0.393,0.395,22446400
 2024/08/08,0.397,0.397,0.387,0.393,24349300
 2024/08/09,0.393,0.396,0.386,0.388,16461400
 2024/08/12,0.388,0.389,0.382,0.384,16477100
 2024/08/13,0.383,0.39,0.381,0.39,33065100
 2024/08/14,0.389,0.389,0.381,0.382,25982500
 2024/08/15,0.382,0.388,0.379,0.384,25863900
 2024/08/16,0.385,0.385,0.379,0.381,30379800
 2024/08/19,0.38,0.385,0.378,0.379,22320500
 2024/08/20,0.379,0.38,0.373,0.373,27454500
 2024/08/21,0.373,0.378,0.37,0.376,23641400
 2024/08/22,0.378,0.378,0.373,0.374,18776800
 2024/08/23,0.374,0.375,0.37,0.371,27005900
 2024/08/26,0.372,0.386,0.372,0.38,28089900
 2024/08/27,0.379,0.379,0.371,0.373,30327800
 2024/08/28,0.374,0.374,0.37,0.373,34893900
 2024/08/29,0.373,0.387,0.371,0.385,43800500
 2024/08/30,0.384,0.398,0.383,0.393,53249300
 2024/09/02,0.392,0.395,0.384,0.385,31792600
 2024/09/03,0.382,0.395,0.382,0.393,39393100
 2024/09/04,0.39,0.402,0.39,0.398,50280300
 2024/09/05,0.398,0.403,0.395,0.397,48591700
 2024/09/06,0.397,0.397,0.388,0.389,51883300
 2024/09/09,0.386,0.392,0.384,0.387,30287000
 2024/09/10,0.386,0.388,0.38,0.385,28207100
 2024/09/11,0.385,0.399,0.384,0.398,76899904
 2024/09/12,0.399,0.403,0.394,0.395,43258300
 2024/09/13,0.394,0.396,0.384,0.385,42011300
 2024/09/18,0.383,0.385,0.379,0.383,34326600
 2024/09/19,0.384,0.393,0.38,0.387,41699100
 2024/09/20,0.388,0.388,0.378,0.382,34438300
 2024/09/23,0.38,0.385,0.379,0.38,29006300
 2024/09/24,0.382,0.396,0.378,0.395,65392200
 2024/09/25,0.398,0.411,0.397,0.4,68046400
 2024/09/26,0.4,0.413,0.395,0.413,55446300
 2024/09/27,0.422,0.45,0.414,0.449,59085100
 2024/09/30,0.474,0.494,0.467,0.494,80120096
 2024/10/08,0.543,0.543,0.516,0.543,66488900
 2024/10/09,0.561,0.564,0.51,0.532,113691104
 2024/10/10,0.519,0.538,0.511,0.519,72488000
 2024/10/11,0.519,0.519,0.479,0.486,58364600
 2024/10/14,0.485,0.497,0.478,0.495,39066200
 2024/10/15,0.494,0.496,0.481,0.481,43990500
 2024/10/16,0.477,0.477,0.464,0.467,38987700
 2024/10/17,0.472,0.475,0.463,0.464,38904200
 2024/10/18,0.464,0.51,0.463,0.498,67991696
 2024/10/21,0.504,0.514,0.496,0.5,84665600
 2024/10/22,0.503,0.505,0.492,0.505,56088400
 2024/10/23,0.505,0.526,0.5,0.519,78241000
 2024/10/24,0.515,0.515,0.498,0.5,65451000
 2024/10/25,0.502,0.538,0.502,0.53,120277600
 2024/10/28,0.534,0.534,0.515,0.525,128930896
 2024/10/29,0.53,0.531,0.51,0.512,81435696
 2024/10/30,0.511,0.514,0.5,0.507,89329568
 2024/10/31,0.507,0.517,0.501,0.512,60449000
 2024/11/01,0.506,0.512,0.498,0.501,69298544
 2024/11/04,0.5,0.517,0.5,0.511,45262116
 2024/11/05,0.509,0.535,0.507,0.535,114222392
 2024/11/06,0.535,0.56,0.534,0.54,99548896
 2024/11/07,0.542,0.549,0.533,0.547,92700000
 2024/11/08,0.548,0.567,0.541,0.544,134272896
 2024/11/11,0.54,0.577,0.535,0.575,126250704
 2024/11/12,0.578,0.589,0.56,0.568,135116192
 2024/11/13,0.558,0.573,0.55,0.569,79751696
 2024/11/14,0.576,0.579,0.549,0.552,76971104
 2024/11/15,0.547,0.552,0.529,0.531,94455056
 2024/11/18,0.53,0.537,0.515,0.522,79413936
 2024/11/19,0.518,0.547,0.515,0.545,93945112
 2024/11/20,0.539,0.548,0.535,0.543,76342440
 2024/11/21,0.541,0.547,0.536,0.542,71574200
 2024/11/22,0.542,0.542,0.521,0.524,62585300
 2024/11/25,0.524,0.536,0.522,0.532,70042800
 2024/11/26,0.531,0.531,0.513,0.515,71556400
 2024/11/27,0.51,0.526,0.502,0.525,69298800
 2024/11/28,0.525,0.527,0.515,0.518,49353500
 2024/11/29,0.517,0.531,0.513,0.526,60925600
 2024/12/02,0.525,0.532,0.517,0.53,58112700
 2024/12/03,0.534,0.534,0.522,0.527,38366600
 2024/12/04,0.526,0.526,0.514,0.518,62260008
 2024/12/05,0.517,0.52,0.513,0.517,37271100
 2024/12/06,0.517,0.528,0.509,0.525,67670896
 2024/12/09,0.523,0.528,0.519,0.524,49417700
 2024/12/10,0.538,0.543,0.521,0.523,89502632
 2024/12/11,0.524,0.524,0.517,0.522,50234600
 2024/12/12,0.521,0.526,0.517,0.523,45597800
 2024/12/13,0.522,0.522,0.51,0.51,52186100
 2024/12/16,0.511,0.511,0.5,0.502,43485608
 2024/12/17,0.502,0.511,0.501,0.504,44906400
 2024/12/18,0.506,0.506,0.5,0.502,31194400
 2024/12/19,0.499,0.503,0.494,0.502,36110300
 2024/12/20,0.502,0.505,0.498,0.501,30322292
 2024/12/23,0.502,0.506,0.494,0.496,42820800
 2024/12/24,0.496,0.506,0.496,0.504,49904700
 2024/12/25,0.505,0.506,0.494,0.498,46653800
 2024/12/26,0.497,0.503,0.497,0.501,41931408
 2024/12/27,0.499,0.504,0.496,0.499,54325100
 2024/12/30,0.497,0.502,0.496,0.499,35133000
 2024/12/31,0.499,0.502,0.487,0.488,43517800
 2025/01/02,0.488,0.49,0.466,0.47,58179300
 2025/01/03,0.472,0.474,0.459,0.461,44466800
 2025/01/06,0.46,0.469,0.459,0.464,42283100
 2025/01/07,0.462,0.468,0.458,0.467,48019600
 2025/01/08,0.465,0.469,0.453,0.466,51387700
 2025/01/09,0.464,0.473,0.462,0.471,46616800
 2025/01/10,0.471,0.475,0.462,0.462,42137000
 2025/01/13,0.462,0.471,0.458,0.465,36519100
 2025/01/14,0.468,0.486,0.462,0.484,63938100
 2025/01/15,0.484,0.485,0.477,0.481,48202900
 2025/01/16,0.481,0.489,0.475,0.482,33777600
 2025/01/17,0.48,0.486,0.477,0.483,41776100
 2025/01/20,0.487,0.497,0.487,0.493,65854700
 2025/01/21,0.496,0.496,0.485,0.491,42213500
 2025/01/22,0.49,0.49,0.48,0.484,28503600
 2025/01/23,0.487,0.492,0.481,0.482,40823504
 2025/01/24,0.482,0.491,0.479,0.487,43239500
 2025/01/27,0.488,0.489,0.479,0.48,44562000
 2025/02/05,0.482,0.485,0.478,0.482,32048000
 2025/02/06,0.481,0.499,0.479,0.498,50847600
 2025/02/07,0.498,0.512,0.497,0.508,62937800
 2025/02/10,0.508,0.509,0.497,0.505,59488700
 2025/02/11,0.505,0.505,0.496,0.499,35304600
 2025/02/12,0.497,0.507,0.493,0.506,50036400
 2025/02/13,0.506,0.513,0.502,0.504,70435296
 2025/02/14,0.504,0.511,0.501,0.507,64684000
 2025/02/17,0.508,0.51,0.502,0.506,42303500
 2025/02/18,0.51,0.52,0.506,0.51,92381200
 2025/02/19,0.507,0.518,0.504,0.517,66155900
 2025/02/20,0.516,0.517,0.508,0.514,57345000
 2025/02/21,0.517,0.529,0.516,0.529,112398512
 2025/02/24,0.538,0.538,0.52,0.527,77117112
 2025/02/25,0.527,0.529,0.518,0.524,128399904
 2025/02/26,0.524,0.536,0.524,0.535,100797000
 2025/02/27,0.537,0.54,0.527,0.536,146179600
 2025/02/28,0.535,0.538,0.519,0.525,96085400
 2025/03/03,0.528,0.55,0.525,0.541,244692800
 2025/03/04,0.532,0.533,0.52,0.532,144698096
 2025/03/05,0.533,0.533,0.519,0.525,102500496
 2025/03/06,0.527,0.533,0.524,0.532,102054400
 2025/03/07,0.53,0.53,0.52,0.523,78281904
 2025/03/10,0.523,0.528,0.518,0.524,110713504
 2025/03/11,0.517,0.524,0.515,0.524,97768096
 2025/03/12,0.525,0.527,0.522,0.523,58783600
 2025/03/13,0.523,0.528,0.512,0.516,80316200
 2025/03/14,0.516,0.528,0.511,0.527,82153696
 2025/03/17,0.527,0.529,0.524,0.526,49291500
 2025/03/18,0.527,0.532,0.525,0.528,54766500
 2025/03/19,0.528,0.532,0.52,0.528,65349600
 2025/03/20,0.526,0.528,0.521,0.523,49449200
 2025/03/21,0.521,0.523,0.508,0.512,94174896
 2025/03/24,0.51,0.512,0.499,0.508,55079800
 2025/03/25,0.508,0.515,0.506,0.512,46459200
 2025/03/26,0.511,0.517,0.51,0.512,43861800
 2025/03/27,0.51,0.518,0.506,0.511,65801000
 2025/03/28,0.51,0.515,0.507,0.508,34243500
 2025/03/31,0.506,0.507,0.493,0.498,45228800
 2025/04/01,0.499,0.505,0.496,0.5,34058800
 2025/04/02,0.5,0.505,0.497,0.502,27357500
 2025/04/03,0.498,0.498,0.486,0.489,65863300
 2025/04/07,0.461,0.464,0.44,0.44,56124600
 2025/04/08,0.43,0.434,0.418,0.424,42446800
#数据来源:通达信,,,,,
