date,open,high,low,close,volumn
 2021/08/23,1.006,1.033,0.994,1.025,62664092
 2021/08/24,1.027,1.07,1.026,1.054,52351600
 2021/08/25,1.053,1.054,1.026,1.052,21371828
 2021/08/26,1.046,1.07,1.035,1.037,19125024
 2021/08/27,1.049,1.059,1.021,1.05,27167776
 2021/08/30,1.05,1.091,1.043,1.072,34811012
 2021/08/31,1.071,1.071,1.043,1.057,16395924
 2021/09/01,1.057,1.067,0.994,1.016,32807596
 2021/09/02,1.009,1.026,1.005,1.022,12236354
 2021/09/03,1.022,1.025,0.967,0.983,33740416
 2021/09/06,0.983,1.012,0.966,1.009,23867374
 2021/09/07,1.007,1.051,1.004,1.046,39000708
 2021/09/08,1.045,1.051,1.026,1.028,13938873
 2021/09/09,1.04,1.054,1.015,1.034,16608065
 2021/09/10,1.035,1.041,1.021,1.037,13811208
 2021/09/13,1.04,1.05,1.02,1.027,11075356
 2021/09/14,1.026,1.08,1.012,1.06,53551244
 2021/09/15,1.051,1.074,1.051,1.068,14296220
 2021/09/16,1.067,1.067,1.024,1.028,16466639
 2021/09/17,1.029,1.045,1.005,1.03,17388296
 2021/09/22,1.025,1.033,1.015,1.024,6544409
 2021/09/23,1.027,1.04,1.021,1.026,12965727
 2021/09/24,1.023,1.047,1.006,1.023,19701382
 2021/09/27,1.033,1.037,0.981,1.0,28188700
 2021/09/28,1.011,1.011,0.972,0.977,21565404
 2021/09/29,0.977,0.98,0.941,0.948,18082028
 2021/09/30,0.958,0.996,0.952,0.994,20474568
 2021/10/08,1.0,1.016,0.968,0.974,16179412
 2021/10/11,0.975,0.985,0.949,0.973,13929505
 2021/10/12,0.97,0.972,0.938,0.948,18667510
 2021/10/13,0.949,0.985,0.949,0.985,20429248
 2021/10/14,0.979,0.997,0.979,0.99,15816614
 2021/10/15,0.996,1.025,0.978,1.019,30977296
 2021/10/18,1.019,1.048,1.018,1.046,33131896
 2021/10/19,1.052,1.068,1.045,1.054,28007728
 2021/10/20,1.051,1.087,1.047,1.072,40621456
 2021/10/21,1.072,1.075,1.055,1.061,10252826
 2021/10/22,1.058,1.079,1.053,1.059,13022402
 2021/10/25,1.058,1.098,1.055,1.097,23934404
 2021/10/26,1.115,1.129,1.092,1.096,15774308
 2021/10/27,1.095,1.128,1.093,1.118,12826133
 2021/10/28,1.119,1.134,1.088,1.093,13234010
 2021/10/29,1.091,1.11,1.07,1.106,11130297
 2021/11/01,1.101,1.111,1.076,1.086,8287502
 2021/11/02,1.088,1.113,1.079,1.09,7861012
 2021/11/03,1.089,1.089,1.058,1.072,7626495
 2021/11/04,1.08,1.099,1.078,1.089,6388722
 2021/11/05,1.089,1.104,1.071,1.072,5470501
 2021/11/08,1.086,1.126,1.075,1.122,17182984
 2021/11/09,1.122,1.135,1.117,1.128,6961733
 2021/11/10,1.127,1.127,1.085,1.103,8397613
 2021/11/11,1.109,1.116,1.095,1.104,3834801
 2021/11/12,1.106,1.109,1.094,1.105,4382815
 2021/11/15,1.105,1.105,1.061,1.069,14008100
 2021/11/16,1.072,1.072,1.049,1.053,9378607
 2021/11/17,1.063,1.078,1.063,1.072,6099507
 2021/11/18,1.078,1.084,1.056,1.072,5158202
 2021/11/19,1.072,1.085,1.065,1.075,4536020
 2021/11/22,1.075,1.129,1.075,1.127,19509880
 2021/11/23,1.127,1.128,1.11,1.12,6250578
 2021/11/24,1.133,1.133,1.1,1.104,5177758
 2021/11/25,1.116,1.116,1.09,1.098,5456933
 2021/11/26,1.1,1.128,1.098,1.119,7282144
 2021/11/29,1.111,1.151,1.097,1.145,12933847
 2021/11/30,1.155,1.155,1.134,1.141,4914814
 2021/12/01,1.141,1.154,1.123,1.132,6142332
 2021/12/02,1.133,1.148,1.131,1.138,3441313
 2021/12/03,1.138,1.145,1.129,1.14,3328403
 2021/12/06,1.138,1.138,1.107,1.108,9821411
 2021/12/07,1.119,1.119,1.062,1.075,15052606
 2021/12/08,1.088,1.101,1.075,1.099,6584203
 2021/12/09,1.095,1.1,1.088,1.095,3651401
 2021/12/10,1.095,1.111,1.082,1.11,5834403
 2021/12/13,1.11,1.11,1.092,1.105,4512502
 2021/12/14,1.105,1.105,1.083,1.088,6501723
 2021/12/15,1.09,1.098,1.083,1.084,6672900
 2021/12/16,1.09,1.09,1.071,1.081,8120908
 2021/12/17,1.085,1.085,1.053,1.063,13341700
 2021/12/20,1.063,1.063,1.008,1.011,22200300
 2021/12/21,1.012,1.023,0.998,1.012,12248500
 2021/12/22,1.013,1.028,1.013,1.025,8862402
 2021/12/23,1.038,1.038,1.015,1.021,6300014
 2021/12/24,1.03,1.03,0.964,0.975,34664504
 2021/12/27,0.972,0.988,0.97,0.975,6659800
 2021/12/28,0.975,1.002,0.974,0.999,14762604
 2021/12/29,1.006,1.006,0.987,0.993,5238609
 2021/12/30,0.998,1.004,0.99,0.995,8259800
 2021/12/31,1.003,1.008,0.991,0.997,6148800
 2022/01/04,1.004,1.02,0.971,0.974,16188500
 2022/01/05,0.972,0.972,0.929,0.935,26913440
 2022/01/06,0.93,0.934,0.91,0.927,12376801
 2022/01/07,0.928,0.935,0.905,0.912,13690002
 2022/01/10,0.912,0.92,0.899,0.909,10155400
 2022/01/11,0.92,0.922,0.901,0.902,8740600
 2022/01/12,0.913,0.948,0.913,0.946,22271612
 2022/01/13,0.954,0.956,0.926,0.941,8740605
 2022/01/14,0.928,0.956,0.928,0.949,7551306
 2022/01/17,0.947,0.977,0.947,0.973,15515112
 2022/01/18,0.973,0.973,0.959,0.964,6589203
 2022/01/19,0.964,0.964,0.918,0.925,15877000
 2022/01/20,0.92,0.931,0.915,0.921,7722501
 2022/01/21,0.923,0.932,0.906,0.923,6881600
 2022/01/24,0.919,0.945,0.911,0.94,10931000
 2022/01/25,0.934,0.95,0.919,0.919,6047600
 2022/01/26,0.92,0.935,0.915,0.932,4644601
 2022/01/27,0.926,0.933,0.905,0.906,9289501
 2022/01/28,0.916,0.92,0.882,0.901,8559100
 2022/02/07,0.911,0.94,0.906,0.91,8323100
 2022/02/08,0.907,0.907,0.85,0.87,27626500
 2022/02/09,0.869,0.884,0.853,0.879,11931329
 2022/02/10,0.884,0.885,0.846,0.857,13303200
 2022/02/11,0.85,0.867,0.834,0.841,11669800
 2022/02/14,0.84,0.862,0.829,0.848,7462000
 2022/02/15,0.845,0.88,0.845,0.878,18076500
 2022/02/16,0.883,0.897,0.878,0.883,9268600
 2022/02/17,0.882,0.917,0.876,0.905,15193402
 2022/02/18,0.896,0.9,0.888,0.893,5384300
 2022/02/21,0.893,0.91,0.881,0.885,2752300
 2022/02/22,0.884,0.888,0.871,0.888,4113408
 2022/02/23,0.888,0.92,0.888,0.918,13169400
 2022/02/24,0.918,0.921,0.891,0.904,8048000
 2022/02/25,0.904,0.937,0.904,0.926,14273323
 2022/02/28,0.934,0.937,0.92,0.935,5972802
 2022/03/01,0.939,0.947,0.919,0.926,5809600
 2022/03/02,0.919,0.919,0.899,0.906,6378800
 2022/03/03,0.912,0.913,0.886,0.887,10165400
 2022/03/04,0.877,0.884,0.852,0.854,14967400
 2022/03/07,0.844,0.846,0.811,0.815,18938400
 2022/03/08,0.815,0.829,0.778,0.792,17368600
 2022/03/09,0.792,0.793,0.754,0.79,11446800
 2022/03/10,0.811,0.836,0.811,0.83,15961600
 2022/03/11,0.802,0.825,0.796,0.822,7252201
 2022/03/14,0.801,0.812,0.796,0.796,5895100
 2022/03/15,0.782,0.817,0.782,0.799,12389900
 2022/03/16,0.802,0.841,0.786,0.838,14373000
 2022/03/17,0.845,0.879,0.845,0.864,21011704
 2022/03/18,0.869,0.869,0.837,0.855,11640600
 2022/03/21,0.855,0.883,0.855,0.869,10135100
 2022/03/22,0.868,0.877,0.855,0.862,7041300
 2022/03/23,0.87,0.875,0.856,0.861,4823300
 2022/03/24,0.853,0.861,0.838,0.852,6090000
 2022/03/25,0.848,0.857,0.828,0.831,6523600
 2022/03/28,0.83,0.83,0.799,0.805,10186000
 2022/03/29,0.802,0.825,0.802,0.81,6569100
 2022/03/30,0.819,0.85,0.816,0.85,11823846
 2022/03/31,0.846,0.846,0.822,0.828,9860300
 2022/04/01,0.823,0.845,0.819,0.833,5302700
 2022/04/06,0.829,0.84,0.815,0.821,5480000
 2022/04/07,0.818,0.821,0.803,0.81,4528900
 2022/04/08,0.807,0.821,0.797,0.808,9119000
 2022/04/11,0.803,0.805,0.752,0.756,20742400
 2022/04/12,0.758,0.77,0.748,0.769,17210602
 2022/04/13,0.764,0.772,0.749,0.755,5048401
 2022/04/14,0.759,0.774,0.748,0.753,13037400
 2022/04/15,0.749,0.749,0.722,0.735,13197403
 2022/04/18,0.73,0.747,0.718,0.747,8006504
 2022/04/19,0.747,0.762,0.741,0.742,4227800
 2022/04/20,0.742,0.744,0.716,0.72,6638700
 2022/04/21,0.716,0.724,0.692,0.7,8422118
 2022/04/22,0.707,0.707,0.684,0.688,5164500
 2022/04/25,0.674,0.674,0.644,0.644,6993202
 2022/04/26,0.645,0.66,0.626,0.629,7490213
 2022/04/27,0.613,0.683,0.613,0.679,15212400
 2022/04/28,0.678,0.696,0.671,0.68,8597700
 2022/04/29,0.68,0.716,0.675,0.714,10723900
 2022/05/05,0.698,0.718,0.687,0.708,5504100
 2022/05/06,0.686,0.708,0.683,0.695,2880200
 2022/05/09,0.696,0.696,0.68,0.687,7036700
 2022/05/10,0.683,0.708,0.671,0.708,7382000
 2022/05/11,0.708,0.77,0.708,0.76,20749400
 2022/05/12,0.747,0.757,0.74,0.749,8998000
 2022/05/13,0.75,0.766,0.747,0.764,6446604
 2022/05/16,0.765,0.78,0.757,0.757,4950000
 2022/05/17,0.757,0.795,0.757,0.786,11716950
 2022/05/18,0.787,0.8,0.785,0.792,9201750
 2022/05/19,0.783,0.802,0.778,0.8,9011200
 2022/05/20,0.808,0.819,0.794,0.81,9887001
 2022/05/23,0.81,0.817,0.798,0.812,6476410
 2022/05/24,0.805,0.807,0.778,0.779,6893400
 2022/05/25,0.779,0.786,0.765,0.776,5616300
 2022/05/26,0.78,0.791,0.764,0.777,6710100
 2022/05/27,0.788,0.803,0.776,0.782,6226800
 2022/05/30,0.78,0.799,0.78,0.798,8761600
 2022/05/31,0.798,0.808,0.784,0.807,6528500
 2022/06/01,0.804,0.832,0.796,0.827,9622501
 2022/06/02,0.826,0.848,0.816,0.844,8308600
 2022/06/06,0.842,0.897,0.842,0.891,16563304
 2022/06/07,0.897,0.897,0.873,0.884,7018700
 2022/06/08,0.885,0.901,0.868,0.898,8091516
 2022/06/09,0.905,0.905,0.87,0.876,5873301
 2022/06/10,0.873,0.92,0.872,0.92,16489314
 2022/06/13,0.913,0.946,0.905,0.942,13383314
 2022/06/14,0.938,0.938,0.901,0.933,11292805
 2022/06/15,0.934,0.954,0.916,0.927,11249412
 2022/06/16,0.927,0.941,0.924,0.933,7623301
 2022/06/17,0.921,0.975,0.921,0.975,22218212
 2022/06/20,0.977,1.008,0.977,0.992,11716033
 2022/06/21,0.989,0.989,0.965,0.98,7720802
 2022/06/22,0.979,1.0,0.979,0.981,8747602
 2022/06/23,0.981,1.02,0.979,1.02,18075524
 2022/06/24,1.025,1.04,1.011,1.03,15790504
 2022/06/27,1.045,1.046,1.025,1.034,12694558
 2022/06/28,1.034,1.048,1.02,1.046,10313719
 2022/06/29,1.045,1.045,1.0,1.002,11890612
 2022/06/30,0.996,1.019,0.995,1.009,8054515
 2022/07/01,1.01,1.011,0.991,1.003,5163604
 2022/07/04,1.003,1.023,0.989,1.021,9644200
 2022/07/05,1.026,1.044,1.005,1.024,7232902
 2022/07/06,1.018,1.036,1.008,1.02,5891101
 2022/07/07,1.02,1.054,1.019,1.054,17495112
 2022/07/08,1.053,1.062,1.021,1.034,8910043
 2022/07/11,1.032,1.032,0.971,0.982,11871479
 2022/07/12,0.979,0.987,0.95,0.956,5996800
 2022/07/13,0.965,0.988,0.939,0.982,7797400
 2022/07/14,0.98,1.021,0.952,1.016,12908002
 2022/07/15,1.016,1.038,1.002,1.002,7181000
 2022/07/18,1.0,1.03,0.987,1.016,4611005
 2022/07/19,1.016,1.018,0.993,0.997,3376700
 2022/07/20,0.998,1.016,0.993,0.995,2985700
 2022/07/21,0.995,1.002,0.978,0.98,3387100
 2022/07/22,0.996,0.997,0.97,0.979,3020402
 2022/07/25,0.981,0.981,0.964,0.968,1933303
 2022/07/26,0.968,0.988,0.963,0.976,1927700
 2022/07/27,0.976,0.983,0.963,0.977,1834502
 2022/07/28,0.99,0.996,0.961,0.966,3177810
 2022/07/29,0.966,0.974,0.946,0.952,5144800
 2022/08/01,0.944,0.99,0.94,0.99,7365100
 2022/08/02,0.986,0.986,0.96,0.971,3882703
 2022/08/03,0.983,0.987,0.94,0.949,7516100
 2022/08/04,0.95,0.956,0.932,0.941,6969600
 2022/08/05,0.941,0.957,0.932,0.948,5632200
 2022/08/08,0.948,0.951,0.934,0.951,3676000
 2022/08/09,0.951,0.968,0.949,0.96,3570108
 2022/08/10,0.966,0.966,0.935,0.94,3358700
 2022/08/11,0.946,0.958,0.927,0.958,6793801
 2022/08/12,0.941,0.961,0.941,0.945,2110900
 2022/08/15,0.946,0.98,0.946,0.967,6686900
 2022/08/16,0.964,0.981,0.964,0.97,6130901
 2022/08/17,0.974,0.981,0.952,0.98,4826801
 2022/08/18,0.979,0.995,0.974,0.975,7371107
 2022/08/19,0.975,0.98,0.949,0.951,6783200
 2022/08/22,0.951,0.978,0.935,0.976,6336310
 2022/08/23,0.969,0.986,0.968,0.978,3733602
 2022/08/24,0.98,0.992,0.937,0.945,10019500
 2022/08/25,0.945,0.946,0.911,0.924,8349100
 2022/08/26,0.926,0.936,0.916,0.92,2693900
 2022/08/29,0.913,0.917,0.904,0.915,2622200
 2022/08/30,0.925,0.925,0.9,0.903,3690200
 2022/08/31,0.898,0.912,0.862,0.875,8443300
 2022/09/01,0.875,0.877,0.854,0.856,4267300
 2022/09/02,0.867,0.867,0.845,0.852,2776500
 2022/09/05,0.852,0.852,0.837,0.846,2972700
 2022/09/06,0.853,0.855,0.83,0.854,3592900
 2022/09/07,0.853,0.88,0.843,0.876,3351500
 2022/09/08,0.885,0.885,0.85,0.852,3121700
 2022/09/09,0.86,0.865,0.848,0.861,4737700
 2022/09/13,0.868,0.868,0.855,0.864,2810400
 2022/09/14,0.843,0.854,0.835,0.845,5502700
 2022/09/15,0.843,0.843,0.8,0.807,8471600
 2022/09/16,0.798,0.806,0.789,0.789,5039600
 2022/09/19,0.788,0.809,0.788,0.796,4477600
 2022/09/20,0.796,0.827,0.796,0.816,3672000
 2022/09/21,0.816,0.816,0.802,0.81,2805000
 2022/09/22,0.813,0.815,0.796,0.807,2664400
 2022/09/23,0.808,0.813,0.788,0.801,2979703
 2022/09/26,0.799,0.826,0.792,0.813,3663800
 2022/09/27,0.814,0.817,0.8,0.813,2041800
 2022/09/28,0.82,0.82,0.776,0.777,11048500
 2022/09/29,0.779,0.792,0.778,0.781,5639800
 2022/09/30,0.78,0.78,0.755,0.755,5805800
 2022/10/10,0.755,0.756,0.734,0.738,4787600
 2022/10/11,0.748,0.764,0.748,0.759,3445400
 2022/10/12,0.757,0.787,0.745,0.787,6570800
 2022/10/13,0.785,0.793,0.778,0.778,3578200
 2022/10/14,0.785,0.799,0.772,0.792,6080500
 2022/10/17,0.79,0.79,0.773,0.786,3735800
 2022/10/18,0.794,0.802,0.79,0.792,4047400
 2022/10/19,0.801,0.813,0.793,0.793,5295708
 2022/10/20,0.792,0.792,0.76,0.773,5164900
 2022/10/21,0.773,0.781,0.766,0.77,3851303
 2022/10/24,0.768,0.781,0.749,0.755,5454900
 2022/10/25,0.756,0.768,0.739,0.76,4111000
 2022/10/26,0.76,0.774,0.755,0.76,6117900
 2022/10/27,0.767,0.776,0.75,0.751,3958700
 2022/10/28,0.757,0.757,0.708,0.71,9181500
 2022/10/31,0.72,0.726,0.703,0.713,6177600
 2022/11/01,0.718,0.745,0.712,0.743,7741006
 2022/11/02,0.743,0.77,0.743,0.765,7237600
 2022/11/03,0.763,0.771,0.754,0.764,3866000
 2022/11/04,0.767,0.808,0.767,0.805,11690102
 2022/11/07,0.809,0.82,0.803,0.814,5779300
 2022/11/08,0.814,0.83,0.804,0.812,4580100
 2022/11/09,0.812,0.812,0.797,0.797,4568300
 2022/11/10,0.796,0.796,0.77,0.776,5962900
 2022/11/11,0.791,0.817,0.787,0.795,5027700
 2022/11/14,0.8,0.8,0.767,0.776,7130000
 2022/11/15,0.776,0.788,0.761,0.786,11444700
 2022/11/16,0.787,0.787,0.766,0.77,6953900
 2022/11/17,0.768,0.768,0.742,0.753,8276000
 2022/11/18,0.753,0.76,0.741,0.747,5917800
 2022/11/21,0.746,0.759,0.737,0.754,6307700
 2022/11/22,0.751,0.752,0.731,0.733,10351300
 2022/11/23,0.733,0.743,0.726,0.74,4439428
 2022/11/24,0.742,0.751,0.737,0.749,4031000
 2022/11/25,0.74,0.749,0.727,0.728,5526200
 2022/11/28,0.711,0.731,0.708,0.723,5017100
 2022/11/29,0.723,0.732,0.716,0.727,3516100
 2022/11/30,0.727,0.743,0.726,0.738,8903200
 2022/12/01,0.749,0.765,0.74,0.755,9378800
 2022/12/02,0.75,0.761,0.75,0.752,4343900
 2022/12/05,0.753,0.758,0.745,0.751,5806200
 2022/12/06,0.751,0.769,0.742,0.761,5507100
 2022/12/07,0.757,0.792,0.757,0.784,15380100
 2022/12/08,0.787,0.79,0.775,0.783,4595101
 2022/12/09,0.779,0.788,0.777,0.781,4224100
 2022/12/12,0.781,0.781,0.769,0.771,3004100
 2022/12/13,0.771,0.775,0.758,0.759,3244700
 2022/12/14,0.767,0.767,0.75,0.753,4049324
 2022/12/15,0.753,0.777,0.748,0.775,7533000
 2022/12/16,0.773,0.773,0.754,0.755,3474500
 2022/12/19,0.756,0.782,0.756,0.762,5087100
 2022/12/20,0.759,0.759,0.741,0.746,2748900
 2022/12/21,0.749,0.751,0.738,0.743,2714100
 2022/12/22,0.749,0.749,0.726,0.728,4326400
 2022/12/23,0.721,0.729,0.713,0.717,6522900
 2022/12/26,0.713,0.741,0.713,0.74,6755857
 2022/12/27,0.743,0.745,0.731,0.741,3176200
 2022/12/28,0.741,0.745,0.714,0.726,4265200
 2022/12/29,0.726,0.734,0.723,0.724,2909100
 2022/12/30,0.732,0.736,0.716,0.717,4547500
 2023/01/03,0.716,0.723,0.701,0.722,5988000
 2023/01/04,0.722,0.722,0.704,0.709,7951400
 2023/01/05,0.709,0.738,0.709,0.733,9202800
 2023/01/06,0.733,0.757,0.727,0.746,11254000
 2023/01/09,0.745,0.761,0.745,0.751,6828203
 2023/01/10,0.752,0.77,0.74,0.762,11747713
 2023/01/11,0.757,0.765,0.752,0.754,3515600
 2023/01/12,0.754,0.78,0.754,0.77,11400904
 2023/01/13,0.771,0.789,0.761,0.772,4559000
 2023/01/16,0.765,0.777,0.762,0.77,5313600
 2023/01/17,0.77,0.779,0.769,0.773,3556700
 2023/01/18,0.775,0.783,0.772,0.774,6377000
 2023/01/19,0.775,0.775,0.769,0.774,13312400
 2023/01/20,0.776,0.782,0.769,0.78,7708500
 2023/01/30,0.792,0.825,0.792,0.808,12056405
 2023/01/31,0.808,0.813,0.801,0.805,5464500
 2023/02/01,0.808,0.827,0.808,0.826,9548700
 2023/02/02,0.831,0.831,0.816,0.82,3828000
 2023/02/03,0.82,0.82,0.796,0.805,8222000
 2023/02/06,0.79,0.81,0.786,0.79,5535203
 2023/02/07,0.785,0.795,0.785,0.792,2083100
 2023/02/08,0.793,0.799,0.788,0.794,2287200
 2023/02/09,0.799,0.804,0.786,0.798,5331900
 2023/02/10,0.803,0.803,0.782,0.785,6203000
 2023/02/13,0.78,0.793,0.78,0.789,3995100
 2023/02/14,0.789,0.795,0.778,0.784,5336200
 2023/02/15,0.784,0.79,0.776,0.777,4148001
 2023/02/16,0.779,0.782,0.758,0.765,6719700
 2023/02/17,0.764,0.767,0.747,0.749,6707800
 2023/02/20,0.747,0.755,0.731,0.745,13243500
 2023/02/21,0.745,0.752,0.74,0.749,9315900
 2023/02/22,0.748,0.748,0.737,0.738,5853600
 2023/02/23,0.739,0.744,0.738,0.741,5401600
 2023/02/24,0.742,0.743,0.729,0.733,9867900
 2023/02/27,0.732,0.732,0.722,0.724,8323900
 2023/02/28,0.727,0.729,0.72,0.728,7651300
 2023/03/01,0.728,0.733,0.723,0.732,3860800
 2023/03/02,0.733,0.734,0.717,0.717,15589100
 2023/03/03,0.721,0.723,0.715,0.719,8684600
 2023/03/06,0.719,0.723,0.704,0.723,19395900
 2023/03/07,0.722,0.722,0.711,0.717,8246600
 2023/03/08,0.714,0.714,0.703,0.707,17901600
 2023/03/09,0.707,0.713,0.703,0.708,7343400
 2023/03/10,0.708,0.708,0.692,0.694,15544400
 2023/03/13,0.688,0.694,0.68,0.684,10759400
 2023/03/14,0.684,0.686,0.665,0.684,10786400
 2023/03/15,0.685,0.692,0.678,0.679,9888700
 2023/03/16,0.676,0.679,0.663,0.664,10928000
 2023/03/17,0.667,0.672,0.66,0.663,8706700
 2023/03/20,0.663,0.671,0.653,0.664,8273700
 2023/03/21,0.665,0.681,0.662,0.681,9668100
 2023/03/22,0.686,0.697,0.684,0.687,9314300
 2023/03/23,0.686,0.69,0.681,0.687,5744700
 2023/03/24,0.687,0.693,0.68,0.687,6318000
 2023/03/27,0.688,0.691,0.678,0.689,5832300
 2023/03/28,0.689,0.689,0.681,0.683,2587000
 2023/03/29,0.685,0.696,0.684,0.689,8546200
 2023/03/30,0.696,0.696,0.684,0.693,4893700
 2023/03/31,0.695,0.708,0.695,0.697,7672700
 2023/04/03,0.698,0.704,0.691,0.699,5575300
 2023/04/04,0.699,0.699,0.675,0.682,12441400
 2023/04/06,0.679,0.681,0.67,0.68,6083700
 2023/04/07,0.68,0.688,0.679,0.681,6873201
 2023/04/10,0.694,0.699,0.682,0.699,12094413
 2023/04/11,0.697,0.705,0.694,0.699,7037001
 2023/04/12,0.699,0.699,0.684,0.687,5596400
 2023/04/13,0.688,0.688,0.677,0.68,5820904
 2023/04/14,0.68,0.704,0.68,0.696,12739100
 2023/04/17,0.696,0.707,0.693,0.702,6959900
 2023/04/18,0.706,0.714,0.701,0.703,7774700
 2023/04/19,0.704,0.706,0.697,0.7,3832900
 2023/04/20,0.701,0.701,0.678,0.679,8984600
 2023/04/21,0.681,0.691,0.672,0.672,7059500
 2023/04/24,0.673,0.679,0.663,0.667,5479300
 2023/04/25,0.673,0.673,0.631,0.639,13501400
 2023/04/26,0.639,0.674,0.631,0.666,11729600
 2023/04/27,0.665,0.68,0.663,0.675,7300801
 2023/04/28,0.676,0.681,0.668,0.673,5356300
 2023/05/04,0.672,0.679,0.664,0.667,3632000
 2023/05/05,0.663,0.667,0.652,0.658,3733400
 2023/05/08,0.658,0.669,0.658,0.664,2030805
 2023/05/09,0.664,0.668,0.652,0.652,3122100
 2023/05/10,0.652,0.677,0.648,0.671,7424900
 2023/05/11,0.672,0.693,0.668,0.686,10285700
 2023/05/12,0.686,0.693,0.675,0.676,4961600
 2023/05/15,0.68,0.7,0.677,0.696,11004400
 2023/05/16,0.696,0.698,0.691,0.695,6592300
 2023/05/17,0.696,0.7,0.686,0.692,3252500
 2023/05/18,0.693,0.693,0.676,0.682,5686104
 2023/05/19,0.678,0.686,0.677,0.68,3710100
 2023/05/22,0.681,0.688,0.674,0.683,5611000
 2023/05/23,0.684,0.687,0.675,0.675,4557400
 2023/05/24,0.675,0.68,0.67,0.671,3240000
 2023/05/25,0.673,0.676,0.666,0.669,2284000
 2023/05/26,0.673,0.678,0.647,0.656,11165200
 2023/05/29,0.656,0.658,0.642,0.646,4501000
 2023/05/30,0.646,0.656,0.642,0.653,4072700
 2023/05/31,0.654,0.654,0.643,0.646,5520501
 2023/06/01,0.652,0.659,0.642,0.65,3144300
 2023/06/02,0.65,0.665,0.65,0.664,5634300
 2023/06/05,0.663,0.664,0.647,0.655,5239146
 2023/06/06,0.655,0.655,0.647,0.648,3557200
 2023/06/07,0.652,0.659,0.633,0.636,8765500
 2023/06/08,0.634,0.641,0.631,0.633,3898002
 2023/06/09,0.633,0.645,0.633,0.636,2615802
 2023/06/12,0.636,0.643,0.632,0.64,4565911
 2023/06/13,0.64,0.642,0.636,0.64,2402415
 2023/06/14,0.643,0.643,0.634,0.636,2605502
 2023/06/15,0.636,0.666,0.636,0.662,16348000
 2023/06/16,0.663,0.671,0.662,0.668,5801800
 2023/06/19,0.668,0.671,0.66,0.661,3471000
 2023/06/20,0.665,0.668,0.657,0.663,3447800
 2023/06/21,0.663,0.668,0.652,0.656,3603400
 2023/06/26,0.652,0.659,0.644,0.649,4297500
 2023/06/27,0.648,0.653,0.643,0.649,2063100
 2023/06/28,0.649,0.654,0.645,0.651,1713500
 2023/06/29,0.65,0.654,0.647,0.647,1282600
 2023/06/30,0.647,0.666,0.647,0.662,6912100
 2023/07/03,0.663,0.673,0.663,0.668,4459100
 2023/07/04,0.668,0.672,0.663,0.67,1790400
 2023/07/05,0.667,0.671,0.664,0.666,3018500
 2023/07/06,0.667,0.667,0.656,0.657,2449100
 2023/07/07,0.654,0.657,0.65,0.651,2201100
 2023/07/10,0.658,0.668,0.652,0.662,4516100
 2023/07/11,0.664,0.668,0.657,0.668,3143800
 2023/07/12,0.669,0.669,0.66,0.66,2950500
 2023/07/13,0.667,0.674,0.665,0.668,3212500
 2023/07/14,0.668,0.668,0.659,0.661,2300500
 2023/07/17,0.658,0.658,0.649,0.652,4413000
 2023/07/18,0.656,0.656,0.647,0.652,2845000
 2023/07/19,0.651,0.652,0.643,0.647,2605700
 2023/07/20,0.644,0.657,0.644,0.647,2451800
 2023/07/21,0.647,0.649,0.639,0.643,2659700
 2023/07/24,0.642,0.642,0.63,0.632,12011800
 2023/07/25,0.637,0.648,0.637,0.646,5787800
 2023/07/26,0.646,0.649,0.643,0.645,2610000
 2023/07/27,0.647,0.653,0.644,0.646,3463102
 2023/07/28,0.642,0.653,0.639,0.652,4692200
 2023/07/31,0.652,0.67,0.652,0.664,9981504
 2023/08/01,0.664,0.666,0.657,0.66,2673500
 2023/08/02,0.666,0.666,0.658,0.66,2188500
 2023/08/03,0.66,0.664,0.657,0.663,3062200
 2023/08/04,0.665,0.675,0.662,0.67,11427300
 2023/08/07,0.667,0.671,0.664,0.666,3466600
 2023/08/08,0.666,0.666,0.661,0.665,2101200
 2023/08/09,0.664,0.665,0.659,0.663,3343300
 2023/08/10,0.663,0.67,0.661,0.664,2997800
 2023/08/11,0.664,0.665,0.651,0.653,2631900
 2023/08/14,0.65,0.65,0.631,0.638,13074000
 2023/08/15,0.638,0.638,0.628,0.629,9431700
 2023/08/16,0.63,0.638,0.629,0.629,2797400
 2023/08/17,0.629,0.633,0.622,0.632,4460000
 2023/08/18,0.633,0.634,0.62,0.62,3806500
 2023/08/21,0.621,0.621,0.609,0.61,7614700
 2023/08/22,0.608,0.616,0.593,0.604,7326706
 2023/08/23,0.603,0.603,0.587,0.588,5096100
 2023/08/24,0.588,0.598,0.586,0.591,3067300
 2023/08/25,0.59,0.59,0.584,0.586,4267201
 2023/08/28,0.633,0.633,0.586,0.59,10592100
 2023/08/29,0.589,0.608,0.589,0.605,4485300
 2023/08/30,0.602,0.611,0.601,0.605,3900800
 2023/08/31,0.605,0.605,0.596,0.597,1250600
 2023/09/01,0.6,0.602,0.595,0.598,1726500
 2023/09/04,0.599,0.604,0.593,0.604,2237800
 2023/09/05,0.604,0.605,0.599,0.6,1576700
 2023/09/06,0.601,0.601,0.594,0.6,3382400
 2023/09/07,0.596,0.596,0.586,0.586,4226500
 2023/09/08,0.584,0.586,0.575,0.577,4076300
 2023/09/11,0.577,0.585,0.573,0.581,1990400
 2023/09/12,0.585,0.59,0.58,0.583,1730800
 2023/09/13,0.582,0.583,0.575,0.579,1783300
 2023/09/14,0.575,0.575,0.565,0.568,4941700
 2023/09/15,0.566,0.568,0.559,0.562,3798600
 2023/09/18,0.562,0.578,0.558,0.569,5517700
 2023/09/19,0.566,0.573,0.562,0.565,1873600
 2023/09/20,0.561,0.563,0.557,0.559,2586600
 2023/09/21,0.563,0.566,0.551,0.553,2861100
 2023/09/22,0.553,0.562,0.55,0.562,2149800
 2023/09/25,0.562,0.563,0.557,0.559,1315800
 2023/09/26,0.559,0.559,0.55,0.551,1722501
 2023/09/27,0.55,0.563,0.55,0.555,4286900
 2023/09/28,0.559,0.559,0.552,0.555,4142600
 2023/10/09,0.555,0.556,0.545,0.55,4519000
 2023/10/10,0.554,0.558,0.545,0.547,6814500
 2023/10/11,0.549,0.553,0.546,0.553,3491200
 2023/10/12,0.553,0.564,0.551,0.562,6660200
 2023/10/13,0.558,0.558,0.548,0.554,4646600
 2023/10/16,0.558,0.558,0.536,0.541,11439400
 2023/10/17,0.54,0.55,0.538,0.547,5013801
 2023/10/18,0.542,0.545,0.54,0.54,4163300
 2023/10/19,0.54,0.54,0.528,0.529,6583100
 2023/10/20,0.525,0.539,0.525,0.532,4297400
 2023/10/23,0.532,0.532,0.516,0.519,4342400
 2023/10/24,0.522,0.526,0.517,0.524,1892807
 2023/10/25,0.524,0.53,0.521,0.522,5176400
 2023/10/26,0.518,0.524,0.508,0.524,3852800
 2023/10/27,0.52,0.544,0.52,0.543,12714701
 2023/10/30,0.54,0.552,0.54,0.551,5597201
 2023/10/31,0.551,0.551,0.538,0.541,5464300
 2023/11/01,0.544,0.544,0.536,0.54,2744500
 2023/11/02,0.543,0.543,0.531,0.532,2856800
 2023/11/03,0.532,0.54,0.532,0.535,2947900
 2023/11/06,0.536,0.56,0.536,0.559,13196800
 2023/11/07,0.56,0.56,0.551,0.555,9371700
 2023/11/08,0.552,0.558,0.55,0.555,4210500
 2023/11/09,0.555,0.558,0.552,0.554,1920700
 2023/11/10,0.552,0.552,0.548,0.549,2960100
 2023/11/13,0.55,0.555,0.547,0.551,1760800
 2023/11/14,0.551,0.552,0.544,0.547,4251600
 2023/11/15,0.55,0.558,0.55,0.553,5157205
 2023/11/16,0.558,0.558,0.543,0.543,2627900
 2023/11/17,0.541,0.546,0.541,0.545,3066000
 2023/11/20,0.543,0.547,0.537,0.544,3296300
 2023/11/21,0.544,0.548,0.539,0.541,3294200
 2023/11/22,0.54,0.54,0.528,0.528,6106100
 2023/11/23,0.525,0.53,0.524,0.53,6167500
 2023/11/24,0.53,0.53,0.516,0.518,13823101
 2023/11/27,0.518,0.518,0.505,0.508,11086100
 2023/11/28,0.508,0.512,0.504,0.511,6392600
 2023/11/29,0.51,0.51,0.5,0.501,7041700
 2023/11/30,0.501,0.503,0.496,0.499,6113600
 2023/12/01,0.498,0.498,0.49,0.496,9486200
 2023/12/04,0.496,0.496,0.486,0.489,4222700
 2023/12/05,0.488,0.495,0.484,0.484,3740100
 2023/12/06,0.484,0.505,0.483,0.497,10066400
 2023/12/07,0.497,0.499,0.49,0.495,7845300
 2023/12/08,0.499,0.499,0.492,0.494,2753300
 2023/12/11,0.494,0.496,0.483,0.495,2804100
 2023/12/12,0.491,0.495,0.489,0.491,2565600
 2023/12/13,0.489,0.489,0.479,0.48,5517100
 2023/12/14,0.48,0.488,0.474,0.476,5494500
 2023/12/15,0.477,0.482,0.473,0.476,3166400
 2023/12/18,0.475,0.475,0.461,0.463,5504600
 2023/12/19,0.467,0.467,0.461,0.465,3809400
 2023/12/20,0.465,0.467,0.458,0.459,3949400
 2023/12/21,0.459,0.471,0.455,0.468,4596700
 2023/12/22,0.468,0.48,0.462,0.475,7311700
 2023/12/25,0.474,0.481,0.474,0.477,1337000
 2023/12/26,0.473,0.476,0.471,0.473,1061700
 2023/12/27,0.474,0.474,0.469,0.471,2535200
 2023/12/28,0.472,0.497,0.472,0.495,14806800
 2023/12/29,0.495,0.5,0.494,0.496,4394400
 2024/01/02,0.497,0.497,0.483,0.484,3393100
 2024/01/03,0.483,0.485,0.478,0.482,3096400
 2024/01/04,0.482,0.482,0.472,0.475,4430400
 2024/01/05,0.474,0.486,0.468,0.472,5497700
 2024/01/08,0.468,0.481,0.46,0.464,4348200
 2024/01/09,0.463,0.473,0.458,0.466,5429700
 2024/01/10,0.462,0.474,0.459,0.467,3901100
 2024/01/11,0.464,0.486,0.463,0.481,7936500
 2024/01/12,0.476,0.486,0.476,0.479,3721800
 2024/01/15,0.479,0.479,0.468,0.472,1567900
 2024/01/16,0.468,0.48,0.468,0.476,3170100
 2024/01/17,0.472,0.472,0.46,0.461,7096800
 2024/01/18,0.459,0.466,0.452,0.465,10152422
 2024/01/19,0.465,0.474,0.462,0.463,3370907
 2024/01/22,0.463,0.463,0.444,0.446,3730500
 2024/01/23,0.446,0.453,0.441,0.447,3706200
 2024/01/24,0.447,0.45,0.432,0.445,6753801
 2024/01/25,0.449,0.452,0.436,0.451,5567901
 2024/01/26,0.45,0.45,0.44,0.441,3962500
 2024/01/29,0.444,0.444,0.425,0.425,12111001
 2024/01/30,0.425,0.425,0.41,0.41,6169300
 2024/01/31,0.41,0.423,0.408,0.41,11626000
 2024/02/01,0.404,0.413,0.401,0.406,7371900
 2024/02/02,0.406,0.409,0.38,0.393,9695102
 2024/02/05,0.39,0.397,0.37,0.388,6970600
 2024/02/06,0.388,0.412,0.385,0.412,6781001
 2024/02/07,0.412,0.426,0.412,0.423,5553000
 2024/02/08,0.427,0.439,0.426,0.433,4743601
 2024/02/19,0.434,0.437,0.425,0.428,5423700
 2024/02/20,0.428,0.428,0.418,0.425,3114900
 2024/02/21,0.422,0.441,0.421,0.434,11768100
 2024/02/22,0.43,0.435,0.43,0.434,3154500
 2024/02/23,0.434,0.439,0.432,0.439,3510700
 2024/02/26,0.439,0.444,0.436,0.44,3602600
 2024/02/27,0.441,0.448,0.438,0.446,3655100
 2024/02/28,0.447,0.462,0.437,0.437,15848500
 2024/02/29,0.437,0.455,0.437,0.454,5894600
 2024/03/01,0.454,0.459,0.452,0.458,3562500
 2024/03/04,0.461,0.461,0.451,0.453,2296600
 2024/03/05,0.452,0.452,0.444,0.449,2698300
 2024/03/06,0.445,0.455,0.443,0.45,4061700
 2024/03/07,0.45,0.453,0.44,0.441,4362700
 2024/03/08,0.441,0.445,0.436,0.441,3176900
 2024/03/11,0.443,0.48,0.443,0.48,27219200
 2024/03/12,0.482,0.485,0.477,0.483,10932900
 2024/03/13,0.485,0.488,0.481,0.484,9949607
 2024/03/14,0.485,0.492,0.477,0.481,4578800
 2024/03/15,0.481,0.482,0.47,0.482,5389200
 2024/03/18,0.486,0.498,0.486,0.497,12444300
 2024/03/19,0.509,0.509,0.492,0.492,6047200
 2024/03/20,0.487,0.498,0.487,0.493,3362600
 2024/03/21,0.488,0.497,0.488,0.49,2823200
 2024/03/22,0.486,0.486,0.476,0.479,6081805
 2024/03/25,0.473,0.478,0.467,0.468,6935500
 2024/03/26,0.468,0.486,0.468,0.483,7366000
 2024/03/27,0.483,0.483,0.463,0.463,6373800
 2024/03/28,0.467,0.475,0.465,0.468,2642500
 2024/03/29,0.47,0.477,0.466,0.471,4533200
 2024/04/01,0.47,0.49,0.47,0.489,8329000
 2024/04/02,0.492,0.498,0.486,0.497,9555200
 2024/04/03,0.498,0.501,0.491,0.492,5332700
 2024/04/08,0.493,0.499,0.483,0.484,5776000
 2024/04/09,0.49,0.501,0.484,0.501,8998300
 2024/04/10,0.504,0.505,0.489,0.493,5451900
 2024/04/11,0.487,0.494,0.482,0.492,4759904
 2024/04/12,0.492,0.492,0.476,0.476,9356500
 2024/04/15,0.476,0.49,0.476,0.484,7504800
 2024/04/16,0.48,0.48,0.466,0.466,4807301
 2024/04/17,0.469,0.477,0.469,0.477,3319200
 2024/04/18,0.473,0.482,0.466,0.477,4730321
 2024/04/19,0.477,0.477,0.461,0.466,4406100
 2024/04/22,0.461,0.469,0.459,0.46,4382200
 2024/04/23,0.46,0.464,0.454,0.455,5128200
 2024/04/24,0.456,0.456,0.449,0.455,4471400
 2024/04/25,0.453,0.463,0.448,0.459,3174700
 2024/04/26,0.459,0.471,0.459,0.469,4177400
 2024/04/29,0.47,0.495,0.47,0.49,15927300
 2024/04/30,0.488,0.489,0.481,0.482,2750100
 2024/05/06,0.488,0.5,0.488,0.495,6317603
 2024/05/07,0.497,0.498,0.491,0.496,4433100
 2024/05/08,0.499,0.499,0.485,0.485,4121300
 2024/05/09,0.489,0.505,0.489,0.502,9831100
 2024/05/10,0.499,0.501,0.49,0.494,6530300
 2024/05/13,0.493,0.493,0.48,0.483,5706200
 2024/05/14,0.485,0.487,0.48,0.482,4578800
 2024/05/15,0.481,0.487,0.475,0.476,3796000
 2024/05/16,0.481,0.483,0.473,0.477,4003890
 2024/05/17,0.474,0.484,0.472,0.483,3957100
 2024/05/20,0.483,0.489,0.482,0.486,3741300
 2024/05/21,0.488,0.493,0.477,0.479,3402500
 2024/05/22,0.48,0.487,0.478,0.486,4135200
 2024/05/23,0.486,0.486,0.473,0.475,3515400
 2024/05/24,0.475,0.475,0.466,0.466,6229401
 2024/05/27,0.475,0.475,0.46,0.468,5141900
 2024/05/28,0.464,0.468,0.462,0.463,3331400
 2024/05/29,0.463,0.476,0.463,0.475,4394700
 2024/05/30,0.476,0.478,0.473,0.476,3006600
 2024/05/31,0.476,0.482,0.476,0.476,2537100
 2024/06/03,0.475,0.481,0.47,0.48,3358700
 2024/06/04,0.478,0.488,0.478,0.486,5412500
 2024/06/05,0.485,0.495,0.484,0.487,5571500
 2024/06/06,0.487,0.489,0.477,0.48,4181901
 2024/06/07,0.48,0.486,0.461,0.467,8551000
 2024/06/11,0.467,0.473,0.463,0.473,2264000
 2024/06/12,0.471,0.471,0.466,0.469,2294700
 2024/06/13,0.47,0.477,0.469,0.471,4441200
 2024/06/14,0.471,0.472,0.462,0.471,3890100
 2024/06/17,0.467,0.484,0.467,0.481,8190000
 2024/06/18,0.481,0.481,0.476,0.479,4837800
 2024/06/19,0.479,0.479,0.471,0.473,2586000
 2024/06/20,0.47,0.477,0.461,0.462,3820200
 2024/06/21,0.463,0.463,0.455,0.459,3176500
 2024/06/24,0.459,0.459,0.451,0.452,3231800
 2024/06/25,0.451,0.454,0.444,0.446,5106100
 2024/06/26,0.443,0.455,0.44,0.454,3384700
 2024/06/27,0.451,0.451,0.444,0.445,1646600
 2024/06/28,0.445,0.449,0.437,0.438,6029102
 2024/07/01,0.438,0.438,0.426,0.434,6342800
 2024/07/02,0.434,0.436,0.429,0.43,5872500
 2024/07/03,0.434,0.438,0.428,0.433,2492631
 2024/07/04,0.436,0.438,0.428,0.429,1231600
 2024/07/05,0.427,0.427,0.423,0.426,2652731
 2024/07/08,0.422,0.423,0.416,0.418,2353700
 2024/07/09,0.422,0.425,0.413,0.422,1908600
 2024/07/10,0.421,0.434,0.421,0.424,4412705
 2024/07/11,0.429,0.44,0.429,0.437,2937609
 2024/07/12,0.444,0.444,0.435,0.439,2224200
 2024/07/15,0.44,0.44,0.433,0.433,2110100
